2025-06-27 20:28:32,391 [MainThread  ] [ERROR]  An error occurred during the simulation.
Traceback (most recent call last):
  File "/home/sahal.mullappilly/mohammad/MedAgentSim/medsim/run.py", line 217, in prep
    is_correct = run_simulation_idx(
                 ^^^^^^^^^^^^^^^^^^^
  File "/home/sahal.mullappilly/mohammad/MedAgentSim/medsim/run.py", line 424, in run_simulation_idx
    is_correct = run_interaction_loop(
                 ^^^^^^^^^^^^^^^^^^^^^
  File "/home/sahal.mullappilly/mohammad/MedAgentSim/medsim/run.py", line 494, in run_interaction_loop
    doctor_dialogue = doctor_agent.inference_doctor(
                      ^^^^^^^^^^^^^^^^^^^^^^^^^^^^^^
  File "/l/users/sahal.mullappilly/miniconda3/envs/omnigen/lib/python3.11/site-packages/medsim/agents.py", line 352, in inference_doctor
    return self.internal_discussion(patient_response, image_requested)
           ^^^^^^^^^^^^^^^^^^^^^^^^^^^^^^^^^^^^^^^^^^^^^^^^^^^^^^^^^^^
  File "/l/users/sahal.mullappilly/miniconda3/envs/omnigen/lib/python3.11/site-packages/medsim/agents.py", line 406, in internal_discussion
    generate_single('temp_question.json')
TypeError: generate_single() missing 2 required positional arguments: 'scenario_id' and 'save_path'
2025-06-27 21:39:22,870 [MainThread  ] [ERROR]  An error occurred during the simulation.
Traceback (most recent call last):
  File "/home/sahal.mullappilly/mohammad/MedAgentSim/medsim/run.py", line 217, in prep
    is_correct = run_simulation_idx(
                 ^^^^^^^^^^^^^^^^^^^
  File "/home/sahal.mullappilly/mohammad/MedAgentSim/medsim/run.py", line 424, in run_simulation_idx
    is_correct = run_interaction_loop(
                 ^^^^^^^^^^^^^^^^^^^^^
  File "/home/sahal.mullappilly/mohammad/MedAgentSim/medsim/run.py", line 494, in run_interaction_loop
    doctor_dialogue = doctor_agent.inference_doctor(
                      ^^^^^^^^^^^^^^^^^^^^^^^^^^^^^^
  File "/l/users/sahal.mullappilly/miniconda3/envs/omnigen/lib/python3.11/site-packages/medsim/agents.py", line 352, in inference_doctor
    return self.internal_discussion(patient_response, image_requested, scenario_id)
           ^^^^^^^^^^^^^^^^^^^^^^^^^^^^^^^^^^^^^^^^^^^^^^^^^^^^^^^^^^^^^^^^^^^^^^^^
  File "/l/users/sahal.mullappilly/miniconda3/envs/omnigen/lib/python3.11/site-packages/medsim/agents.py", line 406, in internal_discussion
    generate_single(self.backend, scenario_id, 'temp_question.json')
  File "/home/sahal.mullappilly/mohammad/MedAgentSim/MedPromptSimulate/src/promptbase/mmlu/generate.py", line 94, in generate_single
    MMLU.generate_solutions_without_rank(
  File "/home/sahal.mullappilly/mohammad/MedAgentSim/MedPromptSimulate/src/promptbase/mmlu/MMLU.py", line 145, in generate_solutions_without_rank
    options = copy.deepcopy(cot_without_rank)
              ^^^^^^^^^^^^^^^^^^^^^^^^^^^^^^^
  File "/l/users/sahal.mullappilly/miniconda3/envs/omnigen/lib/python3.11/copy.py", line 146, in deepcopy
    y = copier(x, memo)
        ^^^^^^^^^^^^^^^
  File "/l/users/sahal.mullappilly/miniconda3/envs/omnigen/lib/python3.11/copy.py", line 231, in _deepcopy_dict
    y[deepcopy(key, memo)] = deepcopy(value, memo)
                             ^^^^^^^^^^^^^^^^^^^^^
  File "/l/users/sahal.mullappilly/miniconda3/envs/omnigen/lib/python3.11/copy.py", line 172, in deepcopy
    y = _reconstruct(x, memo, *rv)
        ^^^^^^^^^^^^^^^^^^^^^^^^^^
  File "/l/users/sahal.mullappilly/miniconda3/envs/omnigen/lib/python3.11/copy.py", line 271, in _reconstruct
    state = deepcopy(state, memo)
            ^^^^^^^^^^^^^^^^^^^^^
  File "/l/users/sahal.mullappilly/miniconda3/envs/omnigen/lib/python3.11/copy.py", line 146, in deepcopy
    y = copier(x, memo)
        ^^^^^^^^^^^^^^^
  File "/l/users/sahal.mullappilly/miniconda3/envs/omnigen/lib/python3.11/copy.py", line 231, in _deepcopy_dict
    y[deepcopy(key, memo)] = deepcopy(value, memo)
                             ^^^^^^^^^^^^^^^^^^^^^
  File "/l/users/sahal.mullappilly/miniconda3/envs/omnigen/lib/python3.11/copy.py", line 146, in deepcopy
    y = copier(x, memo)
        ^^^^^^^^^^^^^^^
  File "/l/users/sahal.mullappilly/miniconda3/envs/omnigen/lib/python3.11/copy.py", line 206, in _deepcopy_list
    append(deepcopy(a, memo))
           ^^^^^^^^^^^^^^^^^
  File "/l/users/sahal.mullappilly/miniconda3/envs/omnigen/lib/python3.11/copy.py", line 172, in deepcopy
    y = _reconstruct(x, memo, *rv)
        ^^^^^^^^^^^^^^^^^^^^^^^^^^
  File "/l/users/sahal.mullappilly/miniconda3/envs/omnigen/lib/python3.11/copy.py", line 271, in _reconstruct
    state = deepcopy(state, memo)
            ^^^^^^^^^^^^^^^^^^^^^
  File "/l/users/sahal.mullappilly/miniconda3/envs/omnigen/lib/python3.11/copy.py", line 146, in deepcopy
    y = copier(x, memo)
        ^^^^^^^^^^^^^^^
  File "/l/users/sahal.mullappilly/miniconda3/envs/omnigen/lib/python3.11/copy.py", line 211, in _deepcopy_tuple
    y = [deepcopy(a, memo) for a in x]
        ^^^^^^^^^^^^^^^^^^^^^^^^^^^^^^
  File "/l/users/sahal.mullappilly/miniconda3/envs/omnigen/lib/python3.11/copy.py", line 211, in <listcomp>
    y = [deepcopy(a, memo) for a in x]
         ^^^^^^^^^^^^^^^^^
  File "/l/users/sahal.mullappilly/miniconda3/envs/omnigen/lib/python3.11/copy.py", line 146, in deepcopy
    y = copier(x, memo)
        ^^^^^^^^^^^^^^^
  File "/l/users/sahal.mullappilly/miniconda3/envs/omnigen/lib/python3.11/copy.py", line 231, in _deepcopy_dict
    y[deepcopy(key, memo)] = deepcopy(value, memo)
                             ^^^^^^^^^^^^^^^^^^^^^
  File "/l/users/sahal.mullappilly/miniconda3/envs/omnigen/lib/python3.11/copy.py", line 172, in deepcopy
    y = _reconstruct(x, memo, *rv)
        ^^^^^^^^^^^^^^^^^^^^^^^^^^
  File "/l/users/sahal.mullappilly/miniconda3/envs/omnigen/lib/python3.11/copy.py", line 271, in _reconstruct
    state = deepcopy(state, memo)
            ^^^^^^^^^^^^^^^^^^^^^
  File "/l/users/sahal.mullappilly/miniconda3/envs/omnigen/lib/python3.11/copy.py", line 146, in deepcopy
    y = copier(x, memo)
        ^^^^^^^^^^^^^^^
  File "/l/users/sahal.mullappilly/miniconda3/envs/omnigen/lib/python3.11/copy.py", line 211, in _deepcopy_tuple
    y = [deepcopy(a, memo) for a in x]
        ^^^^^^^^^^^^^^^^^^^^^^^^^^^^^^
  File "/l/users/sahal.mullappilly/miniconda3/envs/omnigen/lib/python3.11/copy.py", line 211, in <listcomp>
    y = [deepcopy(a, memo) for a in x]
         ^^^^^^^^^^^^^^^^^
  File "/l/users/sahal.mullappilly/miniconda3/envs/omnigen/lib/python3.11/copy.py", line 146, in deepcopy
    y = copier(x, memo)
        ^^^^^^^^^^^^^^^
  File "/l/users/sahal.mullappilly/miniconda3/envs/omnigen/lib/python3.11/copy.py", line 231, in _deepcopy_dict
    y[deepcopy(key, memo)] = deepcopy(value, memo)
                             ^^^^^^^^^^^^^^^^^^^^^
  File "/l/users/sahal.mullappilly/miniconda3/envs/omnigen/lib/python3.11/copy.py", line 172, in deepcopy
    y = _reconstruct(x, memo, *rv)
        ^^^^^^^^^^^^^^^^^^^^^^^^^^
  File "/l/users/sahal.mullappilly/miniconda3/envs/omnigen/lib/python3.11/copy.py", line 265, in _reconstruct
    y = func(*args)
        ^^^^^^^^^^^
  File "/l/users/sahal.mullappilly/miniconda3/envs/omnigen/lib/python3.11/copyreg.py", line 105, in __newobj__
    return cls.__new__(cls, *args)
           ^^^^^^^^^^^^^^^^^^^^^^^
TypeError: Identifier.__new__() missing 1 required keyword-only argument: 'token'
2025-06-27 22:37:44,148 [MainThread  ] [ERROR]  Error occurred during run_batch_jobs.
Traceback (most recent call last):
  File "/home/sahal.mullappilly/mohammad/MedAgentSim/MedPromptSimulate/src/promptbase/mmlu/utils.py", line 93, in run_batch_jobs
    result = future.result()
             ^^^^^^^^^^^^^^^
  File "/l/users/sahal.mullappilly/miniconda3/envs/omnigen/lib/python3.11/concurrent/futures/_base.py", line 449, in result
    return self.__get_result()
           ^^^^^^^^^^^^^^^^^^^
  File "/l/users/sahal.mullappilly/miniconda3/envs/omnigen/lib/python3.11/concurrent/futures/_base.py", line 401, in __get_result
    raise self._exception
  File "/l/users/sahal.mullappilly/miniconda3/envs/omnigen/lib/python3.11/concurrent/futures/thread.py", line 58, in run
    result = self.fn(*self.args, **self.kwargs)
             ^^^^^^^^^^^^^^^^^^^^^^^^^^^^^^^^^^
  File "/home/sahal.mullappilly/mohammad/MedAgentSim/MedPromptSimulate/src/promptbase/mmlu/experiment.py", line 484, in solve
    prompt = options["prompt"].render(
             ~~~~~~~^^^^^^^^^^
KeyError: 'prompt'
2025-06-27 22:37:44,152 [MainThread  ] [ERROR]  Error occurred during run_batch_jobs.
Traceback (most recent call last):
  File "/home/sahal.mullappilly/mohammad/MedAgentSim/MedPromptSimulate/src/promptbase/mmlu/utils.py", line 93, in run_batch_jobs
    result = future.result()
             ^^^^^^^^^^^^^^^
  File "/l/users/sahal.mullappilly/miniconda3/envs/omnigen/lib/python3.11/concurrent/futures/_base.py", line 449, in result
    return self.__get_result()
           ^^^^^^^^^^^^^^^^^^^
  File "/l/users/sahal.mullappilly/miniconda3/envs/omnigen/lib/python3.11/concurrent/futures/_base.py", line 401, in __get_result
    raise self._exception
  File "/l/users/sahal.mullappilly/miniconda3/envs/omnigen/lib/python3.11/concurrent/futures/thread.py", line 58, in run
    result = self.fn(*self.args, **self.kwargs)
             ^^^^^^^^^^^^^^^^^^^^^^^^^^^^^^^^^^
  File "/home/sahal.mullappilly/mohammad/MedAgentSim/MedPromptSimulate/src/promptbase/mmlu/experiment.py", line 484, in solve
    prompt = options["prompt"].render(
             ~~~~~~~^^^^^^^^^^
KeyError: 'prompt'
2025-06-27 22:37:44,153 [MainThread  ] [ERROR]  Error occurred during run_batch_jobs.
Traceback (most recent call last):
  File "/home/sahal.mullappilly/mohammad/MedAgentSim/MedPromptSimulate/src/promptbase/mmlu/utils.py", line 93, in run_batch_jobs
    result = future.result()
             ^^^^^^^^^^^^^^^
  File "/l/users/sahal.mullappilly/miniconda3/envs/omnigen/lib/python3.11/concurrent/futures/_base.py", line 449, in result
    return self.__get_result()
           ^^^^^^^^^^^^^^^^^^^
  File "/l/users/sahal.mullappilly/miniconda3/envs/omnigen/lib/python3.11/concurrent/futures/_base.py", line 401, in __get_result
    raise self._exception
  File "/l/users/sahal.mullappilly/miniconda3/envs/omnigen/lib/python3.11/concurrent/futures/thread.py", line 58, in run
    result = self.fn(*self.args, **self.kwargs)
             ^^^^^^^^^^^^^^^^^^^^^^^^^^^^^^^^^^
  File "/home/sahal.mullappilly/mohammad/MedAgentSim/MedPromptSimulate/src/promptbase/mmlu/experiment.py", line 484, in solve
    prompt = options["prompt"].render(
             ~~~~~~~^^^^^^^^^^
KeyError: 'prompt'
2025-06-27 22:37:44,155 [MainThread  ] [ERROR]  Error occurred during run_batch_jobs.
Traceback (most recent call last):
  File "/home/sahal.mullappilly/mohammad/MedAgentSim/MedPromptSimulate/src/promptbase/mmlu/utils.py", line 93, in run_batch_jobs
    result = future.result()
             ^^^^^^^^^^^^^^^
  File "/l/users/sahal.mullappilly/miniconda3/envs/omnigen/lib/python3.11/concurrent/futures/_base.py", line 449, in result
    return self.__get_result()
           ^^^^^^^^^^^^^^^^^^^
  File "/l/users/sahal.mullappilly/miniconda3/envs/omnigen/lib/python3.11/concurrent/futures/_base.py", line 401, in __get_result
    raise self._exception
  File "/l/users/sahal.mullappilly/miniconda3/envs/omnigen/lib/python3.11/concurrent/futures/thread.py", line 58, in run
    result = self.fn(*self.args, **self.kwargs)
             ^^^^^^^^^^^^^^^^^^^^^^^^^^^^^^^^^^
  File "/home/sahal.mullappilly/mohammad/MedAgentSim/MedPromptSimulate/src/promptbase/mmlu/experiment.py", line 484, in solve
    prompt = options["prompt"].render(
             ~~~~~~~^^^^^^^^^^
KeyError: 'prompt'
2025-06-27 22:37:44,155 [MainThread  ] [ERROR]  Error occurred during run_batch_jobs.
Traceback (most recent call last):
  File "/home/sahal.mullappilly/mohammad/MedAgentSim/MedPromptSimulate/src/promptbase/mmlu/utils.py", line 93, in run_batch_jobs
    result = future.result()
             ^^^^^^^^^^^^^^^
  File "/l/users/sahal.mullappilly/miniconda3/envs/omnigen/lib/python3.11/concurrent/futures/_base.py", line 449, in result
    return self.__get_result()
           ^^^^^^^^^^^^^^^^^^^
  File "/l/users/sahal.mullappilly/miniconda3/envs/omnigen/lib/python3.11/concurrent/futures/_base.py", line 401, in __get_result
    raise self._exception
  File "/l/users/sahal.mullappilly/miniconda3/envs/omnigen/lib/python3.11/concurrent/futures/thread.py", line 58, in run
    result = self.fn(*self.args, **self.kwargs)
             ^^^^^^^^^^^^^^^^^^^^^^^^^^^^^^^^^^
  File "/home/sahal.mullappilly/mohammad/MedAgentSim/MedPromptSimulate/src/promptbase/mmlu/experiment.py", line 484, in solve
    prompt = options["prompt"].render(
             ~~~~~~~^^^^^^^^^^
KeyError: 'prompt'
2025-06-27 22:37:44,157 [MainThread  ] [ERROR]  Error occurred during run_batch_jobs.
Traceback (most recent call last):
  File "/home/sahal.mullappilly/mohammad/MedAgentSim/MedPromptSimulate/src/promptbase/mmlu/utils.py", line 93, in run_batch_jobs
    result = future.result()
             ^^^^^^^^^^^^^^^
  File "/l/users/sahal.mullappilly/miniconda3/envs/omnigen/lib/python3.11/concurrent/futures/_base.py", line 449, in result
    return self.__get_result()
           ^^^^^^^^^^^^^^^^^^^
  File "/l/users/sahal.mullappilly/miniconda3/envs/omnigen/lib/python3.11/concurrent/futures/_base.py", line 401, in __get_result
    raise self._exception
  File "/l/users/sahal.mullappilly/miniconda3/envs/omnigen/lib/python3.11/concurrent/futures/thread.py", line 58, in run
    result = self.fn(*self.args, **self.kwargs)
             ^^^^^^^^^^^^^^^^^^^^^^^^^^^^^^^^^^
  File "/home/sahal.mullappilly/mohammad/MedAgentSim/MedPromptSimulate/src/promptbase/mmlu/experiment.py", line 484, in solve
    prompt = options["prompt"].render(
             ~~~~~~~^^^^^^^^^^
KeyError: 'prompt'
2025-06-27 22:37:44,158 [MainThread  ] [ERROR]  Error occurred during run_batch_jobs.
Traceback (most recent call last):
  File "/home/sahal.mullappilly/mohammad/MedAgentSim/MedPromptSimulate/src/promptbase/mmlu/utils.py", line 93, in run_batch_jobs
    result = future.result()
             ^^^^^^^^^^^^^^^
  File "/l/users/sahal.mullappilly/miniconda3/envs/omnigen/lib/python3.11/concurrent/futures/_base.py", line 449, in result
    return self.__get_result()
           ^^^^^^^^^^^^^^^^^^^
  File "/l/users/sahal.mullappilly/miniconda3/envs/omnigen/lib/python3.11/concurrent/futures/_base.py", line 401, in __get_result
    raise self._exception
  File "/l/users/sahal.mullappilly/miniconda3/envs/omnigen/lib/python3.11/concurrent/futures/thread.py", line 58, in run
    result = self.fn(*self.args, **self.kwargs)
             ^^^^^^^^^^^^^^^^^^^^^^^^^^^^^^^^^^
  File "/home/sahal.mullappilly/mohammad/MedAgentSim/MedPromptSimulate/src/promptbase/mmlu/experiment.py", line 484, in solve
    prompt = options["prompt"].render(
             ~~~~~~~^^^^^^^^^^
KeyError: 'prompt'
2025-06-27 22:37:44,159 [MainThread  ] [ERROR]  Error occurred during run_batch_jobs.
Traceback (most recent call last):
  File "/home/sahal.mullappilly/mohammad/MedAgentSim/MedPromptSimulate/src/promptbase/mmlu/utils.py", line 93, in run_batch_jobs
    result = future.result()
             ^^^^^^^^^^^^^^^
  File "/l/users/sahal.mullappilly/miniconda3/envs/omnigen/lib/python3.11/concurrent/futures/_base.py", line 449, in result
    return self.__get_result()
           ^^^^^^^^^^^^^^^^^^^
  File "/l/users/sahal.mullappilly/miniconda3/envs/omnigen/lib/python3.11/concurrent/futures/_base.py", line 401, in __get_result
    raise self._exception
  File "/l/users/sahal.mullappilly/miniconda3/envs/omnigen/lib/python3.11/concurrent/futures/thread.py", line 58, in run
    result = self.fn(*self.args, **self.kwargs)
             ^^^^^^^^^^^^^^^^^^^^^^^^^^^^^^^^^^
  File "/home/sahal.mullappilly/mohammad/MedAgentSim/MedPromptSimulate/src/promptbase/mmlu/experiment.py", line 484, in solve
    prompt = options["prompt"].render(
             ~~~~~~~^^^^^^^^^^
KeyError: 'prompt'
2025-06-27 22:37:44,160 [MainThread  ] [ERROR]  Error occurred during run_batch_jobs.
Traceback (most recent call last):
  File "/home/sahal.mullappilly/mohammad/MedAgentSim/MedPromptSimulate/src/promptbase/mmlu/utils.py", line 93, in run_batch_jobs
    result = future.result()
             ^^^^^^^^^^^^^^^
  File "/l/users/sahal.mullappilly/miniconda3/envs/omnigen/lib/python3.11/concurrent/futures/_base.py", line 449, in result
    return self.__get_result()
           ^^^^^^^^^^^^^^^^^^^
  File "/l/users/sahal.mullappilly/miniconda3/envs/omnigen/lib/python3.11/concurrent/futures/_base.py", line 401, in __get_result
    raise self._exception
  File "/l/users/sahal.mullappilly/miniconda3/envs/omnigen/lib/python3.11/concurrent/futures/thread.py", line 58, in run
    result = self.fn(*self.args, **self.kwargs)
             ^^^^^^^^^^^^^^^^^^^^^^^^^^^^^^^^^^
  File "/home/sahal.mullappilly/mohammad/MedAgentSim/MedPromptSimulate/src/promptbase/mmlu/experiment.py", line 484, in solve
    prompt = options["prompt"].render(
             ~~~~~~~^^^^^^^^^^
KeyError: 'prompt'
2025-06-27 22:37:44,161 [MainThread  ] [ERROR]  Error occurred during run_batch_jobs.
Traceback (most recent call last):
  File "/home/sahal.mullappilly/mohammad/MedAgentSim/MedPromptSimulate/src/promptbase/mmlu/utils.py", line 93, in run_batch_jobs
    result = future.result()
             ^^^^^^^^^^^^^^^
  File "/l/users/sahal.mullappilly/miniconda3/envs/omnigen/lib/python3.11/concurrent/futures/_base.py", line 449, in result
    return self.__get_result()
           ^^^^^^^^^^^^^^^^^^^
  File "/l/users/sahal.mullappilly/miniconda3/envs/omnigen/lib/python3.11/concurrent/futures/_base.py", line 401, in __get_result
    raise self._exception
  File "/l/users/sahal.mullappilly/miniconda3/envs/omnigen/lib/python3.11/concurrent/futures/thread.py", line 58, in run
    result = self.fn(*self.args, **self.kwargs)
             ^^^^^^^^^^^^^^^^^^^^^^^^^^^^^^^^^^
  File "/home/sahal.mullappilly/mohammad/MedAgentSim/MedPromptSimulate/src/promptbase/mmlu/experiment.py", line 484, in solve
    prompt = options["prompt"].render(
             ~~~~~~~^^^^^^^^^^
KeyError: 'prompt'
2025-06-27 22:37:44,161 [MainThread  ] [ERROR]  An error occurred during the simulation.
Traceback (most recent call last):
  File "/home/sahal.mullappilly/mohammad/MedAgentSim/medsim/run.py", line 217, in prep
    is_correct = run_simulation_idx(
                 ^^^^^^^^^^^^^^^^^^^
  File "/home/sahal.mullappilly/mohammad/MedAgentSim/medsim/run.py", line 424, in run_simulation_idx
    is_correct = run_interaction_loop(
                 ^^^^^^^^^^^^^^^^^^^^^
  File "/home/sahal.mullappilly/mohammad/MedAgentSim/medsim/run.py", line 494, in run_interaction_loop
    doctor_dialogue = doctor_agent.inference_doctor(
                      ^^^^^^^^^^^^^^^^^^^^^^^^^^^^^^
  File "/l/users/sahal.mullappilly/miniconda3/envs/omnigen/lib/python3.11/site-packages/medsim/agents.py", line 352, in inference_doctor
    return self.internal_discussion(patient_response, image_requested, scenario_id)
           ^^^^^^^^^^^^^^^^^^^^^^^^^^^^^^^^^^^^^^^^^^^^^^^^^^^^^^^^^^^^^^^^^^^^^^^^
  File "/l/users/sahal.mullappilly/miniconda3/envs/omnigen/lib/python3.11/site-packages/medsim/agents.py", line 409, in internal_discussion
    diagnosis_pred = get_diagnosis(self.backend, scenario_id)
                     ^^^^^^^^^^^^^^^^^^^^^^^^^^^^^^^^^^^^^^^^
  File "/home/sahal.mullappilly/mohammad/MedAgentSim/medsim/query_model.py", line 498, in get_diagnosis
    result_json = get_result_json()
                  ^^^^^^^^^^^^^^^^^
  File "/home/sahal.mullappilly/mohammad/MedAgentSim/medsim/query_model.py", line 486, in get_result_json
    raise FileNotFoundError(f"File not found: {json_gz_path}")
FileNotFoundError: File not found: /home/sahal.mullappilly/mohammad/MedAgentSim/MedPromptSimulate/src/promptbase/generations/expt/train/cot/result.json.gz
2025-06-27 23:08:49,389 [MainThread  ] [ERROR]  Error occurred during run_batch_jobs.
Traceback (most recent call last):
  File "/home/sahal.mullappilly/mohammad/MedAgentSim/MedPromptSimulate/src/promptbase/mmlu/utils.py", line 93, in run_batch_jobs
    result = future.result()
             ^^^^^^^^^^^^^^^
  File "/l/users/sahal.mullappilly/miniconda3/envs/omnigen/lib/python3.11/concurrent/futures/_base.py", line 449, in result
    return self.__get_result()
           ^^^^^^^^^^^^^^^^^^^
  File "/l/users/sahal.mullappilly/miniconda3/envs/omnigen/lib/python3.11/concurrent/futures/_base.py", line 401, in __get_result
    raise self._exception
  File "/l/users/sahal.mullappilly/miniconda3/envs/omnigen/lib/python3.11/concurrent/futures/thread.py", line 58, in run
    result = self.fn(*self.args, **self.kwargs)
             ^^^^^^^^^^^^^^^^^^^^^^^^^^^^^^^^^^
  File "/home/sahal.mullappilly/mohammad/MedAgentSim/MedPromptSimulate/src/promptbase/mmlu/experiment.py", line 484, in solve
    prompt = options["prompt"].render(
             ~~~~~~~^^^^^^^^^^
KeyError: 'prompt'
2025-06-27 23:08:49,391 [MainThread  ] [ERROR]  Error occurred during run_batch_jobs.
Traceback (most recent call last):
  File "/home/sahal.mullappilly/mohammad/MedAgentSim/MedPromptSimulate/src/promptbase/mmlu/utils.py", line 93, in run_batch_jobs
    result = future.result()
             ^^^^^^^^^^^^^^^
  File "/l/users/sahal.mullappilly/miniconda3/envs/omnigen/lib/python3.11/concurrent/futures/_base.py", line 449, in result
    return self.__get_result()
           ^^^^^^^^^^^^^^^^^^^
  File "/l/users/sahal.mullappilly/miniconda3/envs/omnigen/lib/python3.11/concurrent/futures/_base.py", line 401, in __get_result
    raise self._exception
  File "/l/users/sahal.mullappilly/miniconda3/envs/omnigen/lib/python3.11/concurrent/futures/thread.py", line 58, in run
    result = self.fn(*self.args, **self.kwargs)
             ^^^^^^^^^^^^^^^^^^^^^^^^^^^^^^^^^^
  File "/home/sahal.mullappilly/mohammad/MedAgentSim/MedPromptSimulate/src/promptbase/mmlu/experiment.py", line 484, in solve
    prompt = options["prompt"].render(
             ~~~~~~~^^^^^^^^^^
KeyError: 'prompt'
2025-06-27 23:08:49,392 [MainThread  ] [ERROR]  Error occurred during run_batch_jobs.
Traceback (most recent call last):
  File "/home/sahal.mullappilly/mohammad/MedAgentSim/MedPromptSimulate/src/promptbase/mmlu/utils.py", line 93, in run_batch_jobs
    result = future.result()
             ^^^^^^^^^^^^^^^
  File "/l/users/sahal.mullappilly/miniconda3/envs/omnigen/lib/python3.11/concurrent/futures/_base.py", line 449, in result
    return self.__get_result()
           ^^^^^^^^^^^^^^^^^^^
  File "/l/users/sahal.mullappilly/miniconda3/envs/omnigen/lib/python3.11/concurrent/futures/_base.py", line 401, in __get_result
    raise self._exception
  File "/l/users/sahal.mullappilly/miniconda3/envs/omnigen/lib/python3.11/concurrent/futures/thread.py", line 58, in run
    result = self.fn(*self.args, **self.kwargs)
             ^^^^^^^^^^^^^^^^^^^^^^^^^^^^^^^^^^
  File "/home/sahal.mullappilly/mohammad/MedAgentSim/MedPromptSimulate/src/promptbase/mmlu/experiment.py", line 484, in solve
    prompt = options["prompt"].render(
             ~~~~~~~^^^^^^^^^^
KeyError: 'prompt'
2025-06-27 23:08:49,393 [MainThread  ] [ERROR]  Error occurred during run_batch_jobs.
Traceback (most recent call last):
  File "/home/sahal.mullappilly/mohammad/MedAgentSim/MedPromptSimulate/src/promptbase/mmlu/utils.py", line 93, in run_batch_jobs
    result = future.result()
             ^^^^^^^^^^^^^^^
  File "/l/users/sahal.mullappilly/miniconda3/envs/omnigen/lib/python3.11/concurrent/futures/_base.py", line 449, in result
    return self.__get_result()
           ^^^^^^^^^^^^^^^^^^^
  File "/l/users/sahal.mullappilly/miniconda3/envs/omnigen/lib/python3.11/concurrent/futures/_base.py", line 401, in __get_result
    raise self._exception
  File "/l/users/sahal.mullappilly/miniconda3/envs/omnigen/lib/python3.11/concurrent/futures/thread.py", line 58, in run
    result = self.fn(*self.args, **self.kwargs)
             ^^^^^^^^^^^^^^^^^^^^^^^^^^^^^^^^^^
  File "/home/sahal.mullappilly/mohammad/MedAgentSim/MedPromptSimulate/src/promptbase/mmlu/experiment.py", line 484, in solve
    prompt = options["prompt"].render(
             ~~~~~~~^^^^^^^^^^
KeyError: 'prompt'
2025-06-27 23:08:49,394 [MainThread  ] [ERROR]  Error occurred during run_batch_jobs.
Traceback (most recent call last):
  File "/home/sahal.mullappilly/mohammad/MedAgentSim/MedPromptSimulate/src/promptbase/mmlu/utils.py", line 93, in run_batch_jobs
    result = future.result()
             ^^^^^^^^^^^^^^^
  File "/l/users/sahal.mullappilly/miniconda3/envs/omnigen/lib/python3.11/concurrent/futures/_base.py", line 449, in result
    return self.__get_result()
           ^^^^^^^^^^^^^^^^^^^
  File "/l/users/sahal.mullappilly/miniconda3/envs/omnigen/lib/python3.11/concurrent/futures/_base.py", line 401, in __get_result
    raise self._exception
  File "/l/users/sahal.mullappilly/miniconda3/envs/omnigen/lib/python3.11/concurrent/futures/thread.py", line 58, in run
    result = self.fn(*self.args, **self.kwargs)
             ^^^^^^^^^^^^^^^^^^^^^^^^^^^^^^^^^^
  File "/home/sahal.mullappilly/mohammad/MedAgentSim/MedPromptSimulate/src/promptbase/mmlu/experiment.py", line 484, in solve
    prompt = options["prompt"].render(
             ~~~~~~~^^^^^^^^^^
KeyError: 'prompt'
2025-06-27 23:08:49,396 [MainThread  ] [ERROR]  Error occurred during run_batch_jobs.
Traceback (most recent call last):
  File "/home/sahal.mullappilly/mohammad/MedAgentSim/MedPromptSimulate/src/promptbase/mmlu/utils.py", line 93, in run_batch_jobs
    result = future.result()
             ^^^^^^^^^^^^^^^
  File "/l/users/sahal.mullappilly/miniconda3/envs/omnigen/lib/python3.11/concurrent/futures/_base.py", line 449, in result
    return self.__get_result()
           ^^^^^^^^^^^^^^^^^^^
  File "/l/users/sahal.mullappilly/miniconda3/envs/omnigen/lib/python3.11/concurrent/futures/_base.py", line 401, in __get_result
    raise self._exception
  File "/l/users/sahal.mullappilly/miniconda3/envs/omnigen/lib/python3.11/concurrent/futures/thread.py", line 58, in run
    result = self.fn(*self.args, **self.kwargs)
             ^^^^^^^^^^^^^^^^^^^^^^^^^^^^^^^^^^
  File "/home/sahal.mullappilly/mohammad/MedAgentSim/MedPromptSimulate/src/promptbase/mmlu/experiment.py", line 484, in solve
    prompt = options["prompt"].render(
             ~~~~~~~^^^^^^^^^^
KeyError: 'prompt'
2025-06-27 23:08:49,397 [MainThread  ] [ERROR]  Error occurred during run_batch_jobs.
Traceback (most recent call last):
  File "/home/sahal.mullappilly/mohammad/MedAgentSim/MedPromptSimulate/src/promptbase/mmlu/utils.py", line 93, in run_batch_jobs
    result = future.result()
             ^^^^^^^^^^^^^^^
  File "/l/users/sahal.mullappilly/miniconda3/envs/omnigen/lib/python3.11/concurrent/futures/_base.py", line 449, in result
    return self.__get_result()
           ^^^^^^^^^^^^^^^^^^^
  File "/l/users/sahal.mullappilly/miniconda3/envs/omnigen/lib/python3.11/concurrent/futures/_base.py", line 401, in __get_result
    raise self._exception
  File "/l/users/sahal.mullappilly/miniconda3/envs/omnigen/lib/python3.11/concurrent/futures/thread.py", line 58, in run
    result = self.fn(*self.args, **self.kwargs)
             ^^^^^^^^^^^^^^^^^^^^^^^^^^^^^^^^^^
  File "/home/sahal.mullappilly/mohammad/MedAgentSim/MedPromptSimulate/src/promptbase/mmlu/experiment.py", line 484, in solve
    prompt = options["prompt"].render(
             ~~~~~~~^^^^^^^^^^
KeyError: 'prompt'
2025-06-27 23:08:49,398 [MainThread  ] [ERROR]  Error occurred during run_batch_jobs.
Traceback (most recent call last):
  File "/home/sahal.mullappilly/mohammad/MedAgentSim/MedPromptSimulate/src/promptbase/mmlu/utils.py", line 93, in run_batch_jobs
    result = future.result()
             ^^^^^^^^^^^^^^^
  File "/l/users/sahal.mullappilly/miniconda3/envs/omnigen/lib/python3.11/concurrent/futures/_base.py", line 449, in result
    return self.__get_result()
           ^^^^^^^^^^^^^^^^^^^
  File "/l/users/sahal.mullappilly/miniconda3/envs/omnigen/lib/python3.11/concurrent/futures/_base.py", line 401, in __get_result
    raise self._exception
  File "/l/users/sahal.mullappilly/miniconda3/envs/omnigen/lib/python3.11/concurrent/futures/thread.py", line 58, in run
    result = self.fn(*self.args, **self.kwargs)
             ^^^^^^^^^^^^^^^^^^^^^^^^^^^^^^^^^^
  File "/home/sahal.mullappilly/mohammad/MedAgentSim/MedPromptSimulate/src/promptbase/mmlu/experiment.py", line 484, in solve
    prompt = options["prompt"].render(
             ~~~~~~~^^^^^^^^^^
KeyError: 'prompt'
2025-06-27 23:08:49,399 [MainThread  ] [ERROR]  Error occurred during run_batch_jobs.
Traceback (most recent call last):
  File "/home/sahal.mullappilly/mohammad/MedAgentSim/MedPromptSimulate/src/promptbase/mmlu/utils.py", line 93, in run_batch_jobs
    result = future.result()
             ^^^^^^^^^^^^^^^
  File "/l/users/sahal.mullappilly/miniconda3/envs/omnigen/lib/python3.11/concurrent/futures/_base.py", line 449, in result
    return self.__get_result()
           ^^^^^^^^^^^^^^^^^^^
  File "/l/users/sahal.mullappilly/miniconda3/envs/omnigen/lib/python3.11/concurrent/futures/_base.py", line 401, in __get_result
    raise self._exception
  File "/l/users/sahal.mullappilly/miniconda3/envs/omnigen/lib/python3.11/concurrent/futures/thread.py", line 58, in run
    result = self.fn(*self.args, **self.kwargs)
             ^^^^^^^^^^^^^^^^^^^^^^^^^^^^^^^^^^
  File "/home/sahal.mullappilly/mohammad/MedAgentSim/MedPromptSimulate/src/promptbase/mmlu/experiment.py", line 484, in solve
    prompt = options["prompt"].render(
             ~~~~~~~^^^^^^^^^^
KeyError: 'prompt'
2025-06-27 23:08:49,400 [MainThread  ] [ERROR]  Error occurred during run_batch_jobs.
Traceback (most recent call last):
  File "/home/sahal.mullappilly/mohammad/MedAgentSim/MedPromptSimulate/src/promptbase/mmlu/utils.py", line 93, in run_batch_jobs
    result = future.result()
             ^^^^^^^^^^^^^^^
  File "/l/users/sahal.mullappilly/miniconda3/envs/omnigen/lib/python3.11/concurrent/futures/_base.py", line 449, in result
    return self.__get_result()
           ^^^^^^^^^^^^^^^^^^^
  File "/l/users/sahal.mullappilly/miniconda3/envs/omnigen/lib/python3.11/concurrent/futures/_base.py", line 401, in __get_result
    raise self._exception
  File "/l/users/sahal.mullappilly/miniconda3/envs/omnigen/lib/python3.11/concurrent/futures/thread.py", line 58, in run
    result = self.fn(*self.args, **self.kwargs)
             ^^^^^^^^^^^^^^^^^^^^^^^^^^^^^^^^^^
  File "/home/sahal.mullappilly/mohammad/MedAgentSim/MedPromptSimulate/src/promptbase/mmlu/experiment.py", line 484, in solve
    prompt = options["prompt"].render(
             ~~~~~~~^^^^^^^^^^
KeyError: 'prompt'
2025-06-28 00:21:53,722 [MainThread  ] [ERROR]  Error occurred during run_batch_jobs.
Traceback (most recent call last):
  File "/home/sahal.mullappilly/mohammad/MedAgentSim/MedPromptSimulate/src/promptbase/mmlu/utils.py", line 93, in run_batch_jobs
    result = future.result()
             ^^^^^^^^^^^^^^^
  File "/l/users/sahal.mullappilly/miniconda3/envs/omnigen/lib/python3.11/concurrent/futures/_base.py", line 449, in result
    return self.__get_result()
           ^^^^^^^^^^^^^^^^^^^
  File "/l/users/sahal.mullappilly/miniconda3/envs/omnigen/lib/python3.11/concurrent/futures/_base.py", line 401, in __get_result
    raise self._exception
  File "/l/users/sahal.mullappilly/miniconda3/envs/omnigen/lib/python3.11/concurrent/futures/thread.py", line 58, in run
    result = self.fn(*self.args, **self.kwargs)
             ^^^^^^^^^^^^^^^^^^^^^^^^^^^^^^^^^^
  File "/home/sahal.mullappilly/mohammad/MedAgentSim/MedPromptSimulate/src/promptbase/mmlu/experiment.py", line 503, in solve
    response = {"response": None, "text": backend.query_model(prompt, sys_prompt), "success": True}
                                          ^^^^^^^^^^^^^^^^^^^
AttributeError: 'str' object has no attribute 'query_model'
2025-06-28 00:21:53,725 [MainThread  ] [ERROR]  Error occurred during run_batch_jobs.
Traceback (most recent call last):
  File "/home/sahal.mullappilly/mohammad/MedAgentSim/MedPromptSimulate/src/promptbase/mmlu/utils.py", line 93, in run_batch_jobs
    result = future.result()
             ^^^^^^^^^^^^^^^
  File "/l/users/sahal.mullappilly/miniconda3/envs/omnigen/lib/python3.11/concurrent/futures/_base.py", line 449, in result
    return self.__get_result()
           ^^^^^^^^^^^^^^^^^^^
  File "/l/users/sahal.mullappilly/miniconda3/envs/omnigen/lib/python3.11/concurrent/futures/_base.py", line 401, in __get_result
    raise self._exception
  File "/l/users/sahal.mullappilly/miniconda3/envs/omnigen/lib/python3.11/concurrent/futures/thread.py", line 58, in run
    result = self.fn(*self.args, **self.kwargs)
             ^^^^^^^^^^^^^^^^^^^^^^^^^^^^^^^^^^
  File "/home/sahal.mullappilly/mohammad/MedAgentSim/MedPromptSimulate/src/promptbase/mmlu/experiment.py", line 503, in solve
    response = {"response": None, "text": backend.query_model(prompt, sys_prompt), "success": True}
                                          ^^^^^^^^^^^^^^^^^^^
AttributeError: 'str' object has no attribute 'query_model'
2025-06-28 00:21:53,726 [MainThread  ] [ERROR]  Error occurred during run_batch_jobs.
Traceback (most recent call last):
  File "/home/sahal.mullappilly/mohammad/MedAgentSim/MedPromptSimulate/src/promptbase/mmlu/utils.py", line 93, in run_batch_jobs
    result = future.result()
             ^^^^^^^^^^^^^^^
  File "/l/users/sahal.mullappilly/miniconda3/envs/omnigen/lib/python3.11/concurrent/futures/_base.py", line 449, in result
    return self.__get_result()
           ^^^^^^^^^^^^^^^^^^^
  File "/l/users/sahal.mullappilly/miniconda3/envs/omnigen/lib/python3.11/concurrent/futures/_base.py", line 401, in __get_result
    raise self._exception
  File "/l/users/sahal.mullappilly/miniconda3/envs/omnigen/lib/python3.11/concurrent/futures/thread.py", line 58, in run
    result = self.fn(*self.args, **self.kwargs)
             ^^^^^^^^^^^^^^^^^^^^^^^^^^^^^^^^^^
  File "/home/sahal.mullappilly/mohammad/MedAgentSim/MedPromptSimulate/src/promptbase/mmlu/experiment.py", line 503, in solve
    response = {"response": None, "text": backend.query_model(prompt, sys_prompt), "success": True}
                                          ^^^^^^^^^^^^^^^^^^^
AttributeError: 'str' object has no attribute 'query_model'
2025-06-28 00:21:53,728 [MainThread  ] [ERROR]  Error occurred during run_batch_jobs.
Traceback (most recent call last):
  File "/home/sahal.mullappilly/mohammad/MedAgentSim/MedPromptSimulate/src/promptbase/mmlu/utils.py", line 93, in run_batch_jobs
    result = future.result()
             ^^^^^^^^^^^^^^^
  File "/l/users/sahal.mullappilly/miniconda3/envs/omnigen/lib/python3.11/concurrent/futures/_base.py", line 449, in result
    return self.__get_result()
           ^^^^^^^^^^^^^^^^^^^
  File "/l/users/sahal.mullappilly/miniconda3/envs/omnigen/lib/python3.11/concurrent/futures/_base.py", line 401, in __get_result
    raise self._exception
  File "/l/users/sahal.mullappilly/miniconda3/envs/omnigen/lib/python3.11/concurrent/futures/thread.py", line 58, in run
    result = self.fn(*self.args, **self.kwargs)
             ^^^^^^^^^^^^^^^^^^^^^^^^^^^^^^^^^^
  File "/home/sahal.mullappilly/mohammad/MedAgentSim/MedPromptSimulate/src/promptbase/mmlu/experiment.py", line 503, in solve
    response = {"response": None, "text": backend.query_model(prompt, sys_prompt), "success": True}
                                          ^^^^^^^^^^^^^^^^^^^
AttributeError: 'str' object has no attribute 'query_model'
2025-06-28 00:21:53,729 [MainThread  ] [ERROR]  Error occurred during run_batch_jobs.
Traceback (most recent call last):
  File "/home/sahal.mullappilly/mohammad/MedAgentSim/MedPromptSimulate/src/promptbase/mmlu/utils.py", line 93, in run_batch_jobs
    result = future.result()
             ^^^^^^^^^^^^^^^
  File "/l/users/sahal.mullappilly/miniconda3/envs/omnigen/lib/python3.11/concurrent/futures/_base.py", line 449, in result
    return self.__get_result()
           ^^^^^^^^^^^^^^^^^^^
  File "/l/users/sahal.mullappilly/miniconda3/envs/omnigen/lib/python3.11/concurrent/futures/_base.py", line 401, in __get_result
    raise self._exception
  File "/l/users/sahal.mullappilly/miniconda3/envs/omnigen/lib/python3.11/concurrent/futures/thread.py", line 58, in run
    result = self.fn(*self.args, **self.kwargs)
             ^^^^^^^^^^^^^^^^^^^^^^^^^^^^^^^^^^
  File "/home/sahal.mullappilly/mohammad/MedAgentSim/MedPromptSimulate/src/promptbase/mmlu/experiment.py", line 503, in solve
    response = {"response": None, "text": backend.query_model(prompt, sys_prompt), "success": True}
                                          ^^^^^^^^^^^^^^^^^^^
AttributeError: 'str' object has no attribute 'query_model'
2025-06-28 00:21:53,730 [MainThread  ] [ERROR]  Error occurred during run_batch_jobs.
Traceback (most recent call last):
  File "/home/sahal.mullappilly/mohammad/MedAgentSim/MedPromptSimulate/src/promptbase/mmlu/utils.py", line 93, in run_batch_jobs
    result = future.result()
             ^^^^^^^^^^^^^^^
  File "/l/users/sahal.mullappilly/miniconda3/envs/omnigen/lib/python3.11/concurrent/futures/_base.py", line 449, in result
    return self.__get_result()
           ^^^^^^^^^^^^^^^^^^^
  File "/l/users/sahal.mullappilly/miniconda3/envs/omnigen/lib/python3.11/concurrent/futures/_base.py", line 401, in __get_result
    raise self._exception
  File "/l/users/sahal.mullappilly/miniconda3/envs/omnigen/lib/python3.11/concurrent/futures/thread.py", line 58, in run
    result = self.fn(*self.args, **self.kwargs)
             ^^^^^^^^^^^^^^^^^^^^^^^^^^^^^^^^^^
  File "/home/sahal.mullappilly/mohammad/MedAgentSim/MedPromptSimulate/src/promptbase/mmlu/experiment.py", line 503, in solve
    response = {"response": None, "text": backend.query_model(prompt, sys_prompt), "success": True}
                                          ^^^^^^^^^^^^^^^^^^^
AttributeError: 'str' object has no attribute 'query_model'
2025-06-28 00:21:53,732 [MainThread  ] [ERROR]  Error occurred during run_batch_jobs.
Traceback (most recent call last):
  File "/home/sahal.mullappilly/mohammad/MedAgentSim/MedPromptSimulate/src/promptbase/mmlu/utils.py", line 93, in run_batch_jobs
    result = future.result()
             ^^^^^^^^^^^^^^^
  File "/l/users/sahal.mullappilly/miniconda3/envs/omnigen/lib/python3.11/concurrent/futures/_base.py", line 449, in result
    return self.__get_result()
           ^^^^^^^^^^^^^^^^^^^
  File "/l/users/sahal.mullappilly/miniconda3/envs/omnigen/lib/python3.11/concurrent/futures/_base.py", line 401, in __get_result
    raise self._exception
  File "/l/users/sahal.mullappilly/miniconda3/envs/omnigen/lib/python3.11/concurrent/futures/thread.py", line 58, in run
    result = self.fn(*self.args, **self.kwargs)
             ^^^^^^^^^^^^^^^^^^^^^^^^^^^^^^^^^^
  File "/home/sahal.mullappilly/mohammad/MedAgentSim/MedPromptSimulate/src/promptbase/mmlu/experiment.py", line 503, in solve
    response = {"response": None, "text": backend.query_model(prompt, sys_prompt), "success": True}
                                          ^^^^^^^^^^^^^^^^^^^
AttributeError: 'str' object has no attribute 'query_model'
2025-06-28 00:21:53,733 [MainThread  ] [ERROR]  Error occurred during run_batch_jobs.
Traceback (most recent call last):
  File "/home/sahal.mullappilly/mohammad/MedAgentSim/MedPromptSimulate/src/promptbase/mmlu/utils.py", line 93, in run_batch_jobs
    result = future.result()
             ^^^^^^^^^^^^^^^
  File "/l/users/sahal.mullappilly/miniconda3/envs/omnigen/lib/python3.11/concurrent/futures/_base.py", line 449, in result
    return self.__get_result()
           ^^^^^^^^^^^^^^^^^^^
  File "/l/users/sahal.mullappilly/miniconda3/envs/omnigen/lib/python3.11/concurrent/futures/_base.py", line 401, in __get_result
    raise self._exception
  File "/l/users/sahal.mullappilly/miniconda3/envs/omnigen/lib/python3.11/concurrent/futures/thread.py", line 58, in run
    result = self.fn(*self.args, **self.kwargs)
             ^^^^^^^^^^^^^^^^^^^^^^^^^^^^^^^^^^
  File "/home/sahal.mullappilly/mohammad/MedAgentSim/MedPromptSimulate/src/promptbase/mmlu/experiment.py", line 503, in solve
    response = {"response": None, "text": backend.query_model(prompt, sys_prompt), "success": True}
                                          ^^^^^^^^^^^^^^^^^^^
AttributeError: 'str' object has no attribute 'query_model'
2025-06-28 00:21:53,735 [MainThread  ] [ERROR]  Error occurred during run_batch_jobs.
Traceback (most recent call last):
  File "/home/sahal.mullappilly/mohammad/MedAgentSim/MedPromptSimulate/src/promptbase/mmlu/utils.py", line 93, in run_batch_jobs
    result = future.result()
             ^^^^^^^^^^^^^^^
  File "/l/users/sahal.mullappilly/miniconda3/envs/omnigen/lib/python3.11/concurrent/futures/_base.py", line 449, in result
    return self.__get_result()
           ^^^^^^^^^^^^^^^^^^^
  File "/l/users/sahal.mullappilly/miniconda3/envs/omnigen/lib/python3.11/concurrent/futures/_base.py", line 401, in __get_result
    raise self._exception
  File "/l/users/sahal.mullappilly/miniconda3/envs/omnigen/lib/python3.11/concurrent/futures/thread.py", line 58, in run
    result = self.fn(*self.args, **self.kwargs)
             ^^^^^^^^^^^^^^^^^^^^^^^^^^^^^^^^^^
  File "/home/sahal.mullappilly/mohammad/MedAgentSim/MedPromptSimulate/src/promptbase/mmlu/experiment.py", line 503, in solve
    response = {"response": None, "text": backend.query_model(prompt, sys_prompt), "success": True}
                                          ^^^^^^^^^^^^^^^^^^^
AttributeError: 'str' object has no attribute 'query_model'
2025-06-28 00:21:53,736 [MainThread  ] [ERROR]  Error occurred during run_batch_jobs.
Traceback (most recent call last):
  File "/home/sahal.mullappilly/mohammad/MedAgentSim/MedPromptSimulate/src/promptbase/mmlu/utils.py", line 93, in run_batch_jobs
    result = future.result()
             ^^^^^^^^^^^^^^^
  File "/l/users/sahal.mullappilly/miniconda3/envs/omnigen/lib/python3.11/concurrent/futures/_base.py", line 449, in result
    return self.__get_result()
           ^^^^^^^^^^^^^^^^^^^
  File "/l/users/sahal.mullappilly/miniconda3/envs/omnigen/lib/python3.11/concurrent/futures/_base.py", line 401, in __get_result
    raise self._exception
  File "/l/users/sahal.mullappilly/miniconda3/envs/omnigen/lib/python3.11/concurrent/futures/thread.py", line 58, in run
    result = self.fn(*self.args, **self.kwargs)
             ^^^^^^^^^^^^^^^^^^^^^^^^^^^^^^^^^^
  File "/home/sahal.mullappilly/mohammad/MedAgentSim/MedPromptSimulate/src/promptbase/mmlu/experiment.py", line 503, in solve
    response = {"response": None, "text": backend.query_model(prompt, sys_prompt), "success": True}
                                          ^^^^^^^^^^^^^^^^^^^
AttributeError: 'str' object has no attribute 'query_model'
2025-06-28 00:22:22,005 [MainThread  ] [ERROR]  An error occurred during the simulation.
Traceback (most recent call last):
  File "/home/sahal.mullappilly/mohammad/MedAgentSim/medsim/run.py", line 217, in prep
    is_correct = run_simulation_idx(
                 ^^^^^^^^^^^^^^^^^^^
  File "/home/sahal.mullappilly/mohammad/MedAgentSim/medsim/run.py", line 424, in run_simulation_idx
    is_correct = run_interaction_loop(
                 ^^^^^^^^^^^^^^^^^^^^^
  File "/home/sahal.mullappilly/mohammad/MedAgentSim/medsim/run.py", line 508, in run_interaction_loop
    result = compare_results(
             ^^^^^^^^^^^^^^^^
  File "/l/users/sahal.mullappilly/miniconda3/envs/omnigen/lib/python3.11/site-packages/medsim/agents.py", line 600, in compare_results
    raise Exception("Failed to compare results after multiple attempts.")
Exception: Failed to compare results after multiple attempts.
2025-06-28 01:05:56,304 [MainThread  ] [ERROR]  Error occurred during run_batch_jobs.
Traceback (most recent call last):
  File "/home/sahal.mullappilly/mohammad/MedAgentSim/MedPromptSimulate/src/promptbase/mmlu/utils.py", line 93, in run_batch_jobs
    result = future.result()
             ^^^^^^^^^^^^^^^
  File "/l/users/sahal.mullappilly/miniconda3/envs/omnigen/lib/python3.11/concurrent/futures/_base.py", line 449, in result
    return self.__get_result()
           ^^^^^^^^^^^^^^^^^^^
  File "/l/users/sahal.mullappilly/miniconda3/envs/omnigen/lib/python3.11/concurrent/futures/_base.py", line 401, in __get_result
    raise self._exception
  File "/l/users/sahal.mullappilly/miniconda3/envs/omnigen/lib/python3.11/concurrent/futures/thread.py", line 58, in run
    result = self.fn(*self.args, **self.kwargs)
             ^^^^^^^^^^^^^^^^^^^^^^^^^^^^^^^^^^
  File "/home/sahal.mullappilly/mohammad/MedAgentSim/MedPromptSimulate/src/promptbase/mmlu/experiment.py", line 503, in solve
    response = {"response": None, "text": backend.query_model(prompt, sys_prompt), "success": True}
                                          ^^^^^^^^^^^^^^^^^^^
AttributeError: 'str' object has no attribute 'query_model'
2025-06-28 01:05:56,308 [MainThread  ] [ERROR]  Error occurred during run_batch_jobs.
Traceback (most recent call last):
  File "/home/sahal.mullappilly/mohammad/MedAgentSim/MedPromptSimulate/src/promptbase/mmlu/utils.py", line 93, in run_batch_jobs
    result = future.result()
             ^^^^^^^^^^^^^^^
  File "/l/users/sahal.mullappilly/miniconda3/envs/omnigen/lib/python3.11/concurrent/futures/_base.py", line 449, in result
    return self.__get_result()
           ^^^^^^^^^^^^^^^^^^^
  File "/l/users/sahal.mullappilly/miniconda3/envs/omnigen/lib/python3.11/concurrent/futures/_base.py", line 401, in __get_result
    raise self._exception
  File "/l/users/sahal.mullappilly/miniconda3/envs/omnigen/lib/python3.11/concurrent/futures/thread.py", line 58, in run
    result = self.fn(*self.args, **self.kwargs)
             ^^^^^^^^^^^^^^^^^^^^^^^^^^^^^^^^^^
  File "/home/sahal.mullappilly/mohammad/MedAgentSim/MedPromptSimulate/src/promptbase/mmlu/experiment.py", line 503, in solve
    response = {"response": None, "text": backend.query_model(prompt, sys_prompt), "success": True}
                                          ^^^^^^^^^^^^^^^^^^^
AttributeError: 'str' object has no attribute 'query_model'
2025-06-28 01:05:56,309 [MainThread  ] [ERROR]  Error occurred during run_batch_jobs.
Traceback (most recent call last):
  File "/home/sahal.mullappilly/mohammad/MedAgentSim/MedPromptSimulate/src/promptbase/mmlu/utils.py", line 93, in run_batch_jobs
    result = future.result()
             ^^^^^^^^^^^^^^^
  File "/l/users/sahal.mullappilly/miniconda3/envs/omnigen/lib/python3.11/concurrent/futures/_base.py", line 449, in result
    return self.__get_result()
           ^^^^^^^^^^^^^^^^^^^
  File "/l/users/sahal.mullappilly/miniconda3/envs/omnigen/lib/python3.11/concurrent/futures/_base.py", line 401, in __get_result
    raise self._exception
  File "/l/users/sahal.mullappilly/miniconda3/envs/omnigen/lib/python3.11/concurrent/futures/thread.py", line 58, in run
    result = self.fn(*self.args, **self.kwargs)
             ^^^^^^^^^^^^^^^^^^^^^^^^^^^^^^^^^^
  File "/home/sahal.mullappilly/mohammad/MedAgentSim/MedPromptSimulate/src/promptbase/mmlu/experiment.py", line 503, in solve
    response = {"response": None, "text": backend.query_model(prompt, sys_prompt), "success": True}
                                          ^^^^^^^^^^^^^^^^^^^
AttributeError: 'str' object has no attribute 'query_model'
2025-06-28 01:05:56,310 [MainThread  ] [ERROR]  Error occurred during run_batch_jobs.
Traceback (most recent call last):
  File "/home/sahal.mullappilly/mohammad/MedAgentSim/MedPromptSimulate/src/promptbase/mmlu/utils.py", line 93, in run_batch_jobs
    result = future.result()
             ^^^^^^^^^^^^^^^
  File "/l/users/sahal.mullappilly/miniconda3/envs/omnigen/lib/python3.11/concurrent/futures/_base.py", line 449, in result
    return self.__get_result()
           ^^^^^^^^^^^^^^^^^^^
  File "/l/users/sahal.mullappilly/miniconda3/envs/omnigen/lib/python3.11/concurrent/futures/_base.py", line 401, in __get_result
    raise self._exception
  File "/l/users/sahal.mullappilly/miniconda3/envs/omnigen/lib/python3.11/concurrent/futures/thread.py", line 58, in run
    result = self.fn(*self.args, **self.kwargs)
             ^^^^^^^^^^^^^^^^^^^^^^^^^^^^^^^^^^
  File "/home/sahal.mullappilly/mohammad/MedAgentSim/MedPromptSimulate/src/promptbase/mmlu/experiment.py", line 503, in solve
    response = {"response": None, "text": backend.query_model(prompt, sys_prompt), "success": True}
                                          ^^^^^^^^^^^^^^^^^^^
AttributeError: 'str' object has no attribute 'query_model'
2025-06-28 01:05:56,311 [MainThread  ] [ERROR]  Error occurred during run_batch_jobs.
Traceback (most recent call last):
  File "/home/sahal.mullappilly/mohammad/MedAgentSim/MedPromptSimulate/src/promptbase/mmlu/utils.py", line 93, in run_batch_jobs
    result = future.result()
             ^^^^^^^^^^^^^^^
  File "/l/users/sahal.mullappilly/miniconda3/envs/omnigen/lib/python3.11/concurrent/futures/_base.py", line 449, in result
    return self.__get_result()
           ^^^^^^^^^^^^^^^^^^^
  File "/l/users/sahal.mullappilly/miniconda3/envs/omnigen/lib/python3.11/concurrent/futures/_base.py", line 401, in __get_result
    raise self._exception
  File "/l/users/sahal.mullappilly/miniconda3/envs/omnigen/lib/python3.11/concurrent/futures/thread.py", line 58, in run
    result = self.fn(*self.args, **self.kwargs)
             ^^^^^^^^^^^^^^^^^^^^^^^^^^^^^^^^^^
  File "/home/sahal.mullappilly/mohammad/MedAgentSim/MedPromptSimulate/src/promptbase/mmlu/experiment.py", line 503, in solve
    response = {"response": None, "text": backend.query_model(prompt, sys_prompt), "success": True}
                                          ^^^^^^^^^^^^^^^^^^^
AttributeError: 'str' object has no attribute 'query_model'
2025-06-28 01:05:56,313 [MainThread  ] [ERROR]  Error occurred during run_batch_jobs.
Traceback (most recent call last):
  File "/home/sahal.mullappilly/mohammad/MedAgentSim/MedPromptSimulate/src/promptbase/mmlu/utils.py", line 93, in run_batch_jobs
    result = future.result()
             ^^^^^^^^^^^^^^^
  File "/l/users/sahal.mullappilly/miniconda3/envs/omnigen/lib/python3.11/concurrent/futures/_base.py", line 449, in result
    return self.__get_result()
           ^^^^^^^^^^^^^^^^^^^
  File "/l/users/sahal.mullappilly/miniconda3/envs/omnigen/lib/python3.11/concurrent/futures/_base.py", line 401, in __get_result
    raise self._exception
  File "/l/users/sahal.mullappilly/miniconda3/envs/omnigen/lib/python3.11/concurrent/futures/thread.py", line 58, in run
    result = self.fn(*self.args, **self.kwargs)
             ^^^^^^^^^^^^^^^^^^^^^^^^^^^^^^^^^^
  File "/home/sahal.mullappilly/mohammad/MedAgentSim/MedPromptSimulate/src/promptbase/mmlu/experiment.py", line 503, in solve
    response = {"response": None, "text": backend.query_model(prompt, sys_prompt), "success": True}
                                          ^^^^^^^^^^^^^^^^^^^
AttributeError: 'str' object has no attribute 'query_model'
2025-06-28 01:05:56,314 [MainThread  ] [ERROR]  Error occurred during run_batch_jobs.
Traceback (most recent call last):
  File "/home/sahal.mullappilly/mohammad/MedAgentSim/MedPromptSimulate/src/promptbase/mmlu/utils.py", line 93, in run_batch_jobs
    result = future.result()
             ^^^^^^^^^^^^^^^
  File "/l/users/sahal.mullappilly/miniconda3/envs/omnigen/lib/python3.11/concurrent/futures/_base.py", line 449, in result
    return self.__get_result()
           ^^^^^^^^^^^^^^^^^^^
  File "/l/users/sahal.mullappilly/miniconda3/envs/omnigen/lib/python3.11/concurrent/futures/_base.py", line 401, in __get_result
    raise self._exception
  File "/l/users/sahal.mullappilly/miniconda3/envs/omnigen/lib/python3.11/concurrent/futures/thread.py", line 58, in run
    result = self.fn(*self.args, **self.kwargs)
             ^^^^^^^^^^^^^^^^^^^^^^^^^^^^^^^^^^
  File "/home/sahal.mullappilly/mohammad/MedAgentSim/MedPromptSimulate/src/promptbase/mmlu/experiment.py", line 503, in solve
    response = {"response": None, "text": backend.query_model(prompt, sys_prompt), "success": True}
                                          ^^^^^^^^^^^^^^^^^^^
AttributeError: 'str' object has no attribute 'query_model'
2025-06-28 01:05:56,315 [MainThread  ] [ERROR]  Error occurred during run_batch_jobs.
Traceback (most recent call last):
  File "/home/sahal.mullappilly/mohammad/MedAgentSim/MedPromptSimulate/src/promptbase/mmlu/utils.py", line 93, in run_batch_jobs
    result = future.result()
             ^^^^^^^^^^^^^^^
  File "/l/users/sahal.mullappilly/miniconda3/envs/omnigen/lib/python3.11/concurrent/futures/_base.py", line 449, in result
    return self.__get_result()
           ^^^^^^^^^^^^^^^^^^^
  File "/l/users/sahal.mullappilly/miniconda3/envs/omnigen/lib/python3.11/concurrent/futures/_base.py", line 401, in __get_result
    raise self._exception
  File "/l/users/sahal.mullappilly/miniconda3/envs/omnigen/lib/python3.11/concurrent/futures/thread.py", line 58, in run
    result = self.fn(*self.args, **self.kwargs)
             ^^^^^^^^^^^^^^^^^^^^^^^^^^^^^^^^^^
  File "/home/sahal.mullappilly/mohammad/MedAgentSim/MedPromptSimulate/src/promptbase/mmlu/experiment.py", line 503, in solve
    response = {"response": None, "text": backend.query_model(prompt, sys_prompt), "success": True}
                                          ^^^^^^^^^^^^^^^^^^^
AttributeError: 'str' object has no attribute 'query_model'
2025-06-28 01:05:56,317 [MainThread  ] [ERROR]  Error occurred during run_batch_jobs.
Traceback (most recent call last):
  File "/home/sahal.mullappilly/mohammad/MedAgentSim/MedPromptSimulate/src/promptbase/mmlu/utils.py", line 93, in run_batch_jobs
    result = future.result()
             ^^^^^^^^^^^^^^^
  File "/l/users/sahal.mullappilly/miniconda3/envs/omnigen/lib/python3.11/concurrent/futures/_base.py", line 449, in result
    return self.__get_result()
           ^^^^^^^^^^^^^^^^^^^
  File "/l/users/sahal.mullappilly/miniconda3/envs/omnigen/lib/python3.11/concurrent/futures/_base.py", line 401, in __get_result
    raise self._exception
  File "/l/users/sahal.mullappilly/miniconda3/envs/omnigen/lib/python3.11/concurrent/futures/thread.py", line 58, in run
    result = self.fn(*self.args, **self.kwargs)
             ^^^^^^^^^^^^^^^^^^^^^^^^^^^^^^^^^^
  File "/home/sahal.mullappilly/mohammad/MedAgentSim/MedPromptSimulate/src/promptbase/mmlu/experiment.py", line 503, in solve
    response = {"response": None, "text": backend.query_model(prompt, sys_prompt), "success": True}
                                          ^^^^^^^^^^^^^^^^^^^
AttributeError: 'str' object has no attribute 'query_model'
2025-06-28 01:05:56,318 [MainThread  ] [ERROR]  Error occurred during run_batch_jobs.
Traceback (most recent call last):
  File "/home/sahal.mullappilly/mohammad/MedAgentSim/MedPromptSimulate/src/promptbase/mmlu/utils.py", line 93, in run_batch_jobs
    result = future.result()
             ^^^^^^^^^^^^^^^
  File "/l/users/sahal.mullappilly/miniconda3/envs/omnigen/lib/python3.11/concurrent/futures/_base.py", line 449, in result
    return self.__get_result()
           ^^^^^^^^^^^^^^^^^^^
  File "/l/users/sahal.mullappilly/miniconda3/envs/omnigen/lib/python3.11/concurrent/futures/_base.py", line 401, in __get_result
    raise self._exception
  File "/l/users/sahal.mullappilly/miniconda3/envs/omnigen/lib/python3.11/concurrent/futures/thread.py", line 58, in run
    result = self.fn(*self.args, **self.kwargs)
             ^^^^^^^^^^^^^^^^^^^^^^^^^^^^^^^^^^
  File "/home/sahal.mullappilly/mohammad/MedAgentSim/MedPromptSimulate/src/promptbase/mmlu/experiment.py", line 503, in solve
    response = {"response": None, "text": backend.query_model(prompt, sys_prompt), "success": True}
                                          ^^^^^^^^^^^^^^^^^^^
AttributeError: 'str' object has no attribute 'query_model'
2025-06-28 01:06:07,919 [MainThread  ] [ERROR]  An error occurred during the simulation.
Traceback (most recent call last):
  File "/home/sahal.mullappilly/mohammad/MedAgentSim/medsim/run.py", line 217, in prep
    is_correct = run_simulation_idx(
                 ^^^^^^^^^^^^^^^^^^^
  File "/home/sahal.mullappilly/mohammad/MedAgentSim/medsim/run.py", line 424, in run_simulation_idx
    is_correct = run_interaction_loop(
                 ^^^^^^^^^^^^^^^^^^^^^
  File "/home/sahal.mullappilly/mohammad/MedAgentSim/medsim/run.py", line 515, in run_interaction_loop
    accuracy = (total_correct + int(is_correct)) / total_scenarios * 100
               ~~~~~~~~~~~~~~~~~~~~~~~~~~~~~~~~~~^~~~~~~~~~~~~~~~~
ZeroDivisionError: division by zero
2025-06-28 01:54:59,536 [MainThread  ] [ERROR]  Error occurred during run_batch_jobs.
Traceback (most recent call last):
  File "/home/sahal.mullappilly/mohammad/MedAgentSim/MedPromptSimulate/src/promptbase/mmlu/utils.py", line 93, in run_batch_jobs
    result = future.result()
             ^^^^^^^^^^^^^^^
  File "/l/users/sahal.mullappilly/miniconda3/envs/omnigen/lib/python3.11/concurrent/futures/_base.py", line 449, in result
    return self.__get_result()
           ^^^^^^^^^^^^^^^^^^^
  File "/l/users/sahal.mullappilly/miniconda3/envs/omnigen/lib/python3.11/concurrent/futures/_base.py", line 401, in __get_result
    raise self._exception
  File "/l/users/sahal.mullappilly/miniconda3/envs/omnigen/lib/python3.11/concurrent/futures/thread.py", line 58, in run
    result = self.fn(*self.args, **self.kwargs)
             ^^^^^^^^^^^^^^^^^^^^^^^^^^^^^^^^^^
  File "/home/sahal.mullappilly/mohammad/MedAgentSim/MedPromptSimulate/src/promptbase/mmlu/experiment.py", line 503, in solve
    response = {"response": None, "text": backend.query_model(prompt, sys_prompt), "success": True}
                                          ^^^^^^^^^^^^^^^^^^^
AttributeError: 'str' object has no attribute 'query_model'
2025-06-28 01:54:59,540 [MainThread  ] [ERROR]  Error occurred during run_batch_jobs.
Traceback (most recent call last):
  File "/home/sahal.mullappilly/mohammad/MedAgentSim/MedPromptSimulate/src/promptbase/mmlu/utils.py", line 93, in run_batch_jobs
    result = future.result()
             ^^^^^^^^^^^^^^^
  File "/l/users/sahal.mullappilly/miniconda3/envs/omnigen/lib/python3.11/concurrent/futures/_base.py", line 449, in result
    return self.__get_result()
           ^^^^^^^^^^^^^^^^^^^
  File "/l/users/sahal.mullappilly/miniconda3/envs/omnigen/lib/python3.11/concurrent/futures/_base.py", line 401, in __get_result
    raise self._exception
  File "/l/users/sahal.mullappilly/miniconda3/envs/omnigen/lib/python3.11/concurrent/futures/thread.py", line 58, in run
    result = self.fn(*self.args, **self.kwargs)
             ^^^^^^^^^^^^^^^^^^^^^^^^^^^^^^^^^^
  File "/home/sahal.mullappilly/mohammad/MedAgentSim/MedPromptSimulate/src/promptbase/mmlu/experiment.py", line 503, in solve
    response = {"response": None, "text": backend.query_model(prompt, sys_prompt), "success": True}
                                          ^^^^^^^^^^^^^^^^^^^
AttributeError: 'str' object has no attribute 'query_model'
2025-06-28 01:54:59,541 [MainThread  ] [ERROR]  Error occurred during run_batch_jobs.
Traceback (most recent call last):
  File "/home/sahal.mullappilly/mohammad/MedAgentSim/MedPromptSimulate/src/promptbase/mmlu/utils.py", line 93, in run_batch_jobs
    result = future.result()
             ^^^^^^^^^^^^^^^
  File "/l/users/sahal.mullappilly/miniconda3/envs/omnigen/lib/python3.11/concurrent/futures/_base.py", line 449, in result
    return self.__get_result()
           ^^^^^^^^^^^^^^^^^^^
  File "/l/users/sahal.mullappilly/miniconda3/envs/omnigen/lib/python3.11/concurrent/futures/_base.py", line 401, in __get_result
    raise self._exception
  File "/l/users/sahal.mullappilly/miniconda3/envs/omnigen/lib/python3.11/concurrent/futures/thread.py", line 58, in run
    result = self.fn(*self.args, **self.kwargs)
             ^^^^^^^^^^^^^^^^^^^^^^^^^^^^^^^^^^
  File "/home/sahal.mullappilly/mohammad/MedAgentSim/MedPromptSimulate/src/promptbase/mmlu/experiment.py", line 503, in solve
    response = {"response": None, "text": backend.query_model(prompt, sys_prompt), "success": True}
                                          ^^^^^^^^^^^^^^^^^^^
AttributeError: 'str' object has no attribute 'query_model'
2025-06-28 01:54:59,542 [MainThread  ] [ERROR]  Error occurred during run_batch_jobs.
Traceback (most recent call last):
  File "/home/sahal.mullappilly/mohammad/MedAgentSim/MedPromptSimulate/src/promptbase/mmlu/utils.py", line 93, in run_batch_jobs
    result = future.result()
             ^^^^^^^^^^^^^^^
  File "/l/users/sahal.mullappilly/miniconda3/envs/omnigen/lib/python3.11/concurrent/futures/_base.py", line 449, in result
    return self.__get_result()
           ^^^^^^^^^^^^^^^^^^^
  File "/l/users/sahal.mullappilly/miniconda3/envs/omnigen/lib/python3.11/concurrent/futures/_base.py", line 401, in __get_result
    raise self._exception
  File "/l/users/sahal.mullappilly/miniconda3/envs/omnigen/lib/python3.11/concurrent/futures/thread.py", line 58, in run
    result = self.fn(*self.args, **self.kwargs)
             ^^^^^^^^^^^^^^^^^^^^^^^^^^^^^^^^^^
  File "/home/sahal.mullappilly/mohammad/MedAgentSim/MedPromptSimulate/src/promptbase/mmlu/experiment.py", line 503, in solve
    response = {"response": None, "text": backend.query_model(prompt, sys_prompt), "success": True}
                                          ^^^^^^^^^^^^^^^^^^^
AttributeError: 'str' object has no attribute 'query_model'
2025-06-28 01:54:59,543 [MainThread  ] [ERROR]  Error occurred during run_batch_jobs.
Traceback (most recent call last):
  File "/home/sahal.mullappilly/mohammad/MedAgentSim/MedPromptSimulate/src/promptbase/mmlu/utils.py", line 93, in run_batch_jobs
    result = future.result()
             ^^^^^^^^^^^^^^^
  File "/l/users/sahal.mullappilly/miniconda3/envs/omnigen/lib/python3.11/concurrent/futures/_base.py", line 449, in result
    return self.__get_result()
           ^^^^^^^^^^^^^^^^^^^
  File "/l/users/sahal.mullappilly/miniconda3/envs/omnigen/lib/python3.11/concurrent/futures/_base.py", line 401, in __get_result
    raise self._exception
  File "/l/users/sahal.mullappilly/miniconda3/envs/omnigen/lib/python3.11/concurrent/futures/thread.py", line 58, in run
    result = self.fn(*self.args, **self.kwargs)
             ^^^^^^^^^^^^^^^^^^^^^^^^^^^^^^^^^^
  File "/home/sahal.mullappilly/mohammad/MedAgentSim/MedPromptSimulate/src/promptbase/mmlu/experiment.py", line 503, in solve
    response = {"response": None, "text": backend.query_model(prompt, sys_prompt), "success": True}
                                          ^^^^^^^^^^^^^^^^^^^
AttributeError: 'str' object has no attribute 'query_model'
2025-06-28 01:54:59,545 [MainThread  ] [ERROR]  Error occurred during run_batch_jobs.
Traceback (most recent call last):
  File "/home/sahal.mullappilly/mohammad/MedAgentSim/MedPromptSimulate/src/promptbase/mmlu/utils.py", line 93, in run_batch_jobs
    result = future.result()
             ^^^^^^^^^^^^^^^
  File "/l/users/sahal.mullappilly/miniconda3/envs/omnigen/lib/python3.11/concurrent/futures/_base.py", line 449, in result
    return self.__get_result()
           ^^^^^^^^^^^^^^^^^^^
  File "/l/users/sahal.mullappilly/miniconda3/envs/omnigen/lib/python3.11/concurrent/futures/_base.py", line 401, in __get_result
    raise self._exception
  File "/l/users/sahal.mullappilly/miniconda3/envs/omnigen/lib/python3.11/concurrent/futures/thread.py", line 58, in run
    result = self.fn(*self.args, **self.kwargs)
             ^^^^^^^^^^^^^^^^^^^^^^^^^^^^^^^^^^
  File "/home/sahal.mullappilly/mohammad/MedAgentSim/MedPromptSimulate/src/promptbase/mmlu/experiment.py", line 503, in solve
    response = {"response": None, "text": backend.query_model(prompt, sys_prompt), "success": True}
                                          ^^^^^^^^^^^^^^^^^^^
AttributeError: 'str' object has no attribute 'query_model'
2025-06-28 01:54:59,547 [MainThread  ] [ERROR]  Error occurred during run_batch_jobs.
Traceback (most recent call last):
  File "/home/sahal.mullappilly/mohammad/MedAgentSim/MedPromptSimulate/src/promptbase/mmlu/utils.py", line 93, in run_batch_jobs
    result = future.result()
             ^^^^^^^^^^^^^^^
  File "/l/users/sahal.mullappilly/miniconda3/envs/omnigen/lib/python3.11/concurrent/futures/_base.py", line 449, in result
    return self.__get_result()
           ^^^^^^^^^^^^^^^^^^^
  File "/l/users/sahal.mullappilly/miniconda3/envs/omnigen/lib/python3.11/concurrent/futures/_base.py", line 401, in __get_result
    raise self._exception
  File "/l/users/sahal.mullappilly/miniconda3/envs/omnigen/lib/python3.11/concurrent/futures/thread.py", line 58, in run
    result = self.fn(*self.args, **self.kwargs)
             ^^^^^^^^^^^^^^^^^^^^^^^^^^^^^^^^^^
  File "/home/sahal.mullappilly/mohammad/MedAgentSim/MedPromptSimulate/src/promptbase/mmlu/experiment.py", line 503, in solve
    response = {"response": None, "text": backend.query_model(prompt, sys_prompt), "success": True}
                                          ^^^^^^^^^^^^^^^^^^^
AttributeError: 'str' object has no attribute 'query_model'
2025-06-28 01:54:59,548 [MainThread  ] [ERROR]  Error occurred during run_batch_jobs.
Traceback (most recent call last):
  File "/home/sahal.mullappilly/mohammad/MedAgentSim/MedPromptSimulate/src/promptbase/mmlu/utils.py", line 93, in run_batch_jobs
    result = future.result()
             ^^^^^^^^^^^^^^^
  File "/l/users/sahal.mullappilly/miniconda3/envs/omnigen/lib/python3.11/concurrent/futures/_base.py", line 449, in result
    return self.__get_result()
           ^^^^^^^^^^^^^^^^^^^
  File "/l/users/sahal.mullappilly/miniconda3/envs/omnigen/lib/python3.11/concurrent/futures/_base.py", line 401, in __get_result
    raise self._exception
  File "/l/users/sahal.mullappilly/miniconda3/envs/omnigen/lib/python3.11/concurrent/futures/thread.py", line 58, in run
    result = self.fn(*self.args, **self.kwargs)
             ^^^^^^^^^^^^^^^^^^^^^^^^^^^^^^^^^^
  File "/home/sahal.mullappilly/mohammad/MedAgentSim/MedPromptSimulate/src/promptbase/mmlu/experiment.py", line 503, in solve
    response = {"response": None, "text": backend.query_model(prompt, sys_prompt), "success": True}
                                          ^^^^^^^^^^^^^^^^^^^
AttributeError: 'str' object has no attribute 'query_model'
2025-06-28 01:54:59,549 [MainThread  ] [ERROR]  Error occurred during run_batch_jobs.
Traceback (most recent call last):
  File "/home/sahal.mullappilly/mohammad/MedAgentSim/MedPromptSimulate/src/promptbase/mmlu/utils.py", line 93, in run_batch_jobs
    result = future.result()
             ^^^^^^^^^^^^^^^
  File "/l/users/sahal.mullappilly/miniconda3/envs/omnigen/lib/python3.11/concurrent/futures/_base.py", line 449, in result
    return self.__get_result()
           ^^^^^^^^^^^^^^^^^^^
  File "/l/users/sahal.mullappilly/miniconda3/envs/omnigen/lib/python3.11/concurrent/futures/_base.py", line 401, in __get_result
    raise self._exception
  File "/l/users/sahal.mullappilly/miniconda3/envs/omnigen/lib/python3.11/concurrent/futures/thread.py", line 58, in run
    result = self.fn(*self.args, **self.kwargs)
             ^^^^^^^^^^^^^^^^^^^^^^^^^^^^^^^^^^
  File "/home/sahal.mullappilly/mohammad/MedAgentSim/MedPromptSimulate/src/promptbase/mmlu/experiment.py", line 503, in solve
    response = {"response": None, "text": backend.query_model(prompt, sys_prompt), "success": True}
                                          ^^^^^^^^^^^^^^^^^^^
AttributeError: 'str' object has no attribute 'query_model'
2025-06-28 01:54:59,550 [MainThread  ] [ERROR]  Error occurred during run_batch_jobs.
Traceback (most recent call last):
  File "/home/sahal.mullappilly/mohammad/MedAgentSim/MedPromptSimulate/src/promptbase/mmlu/utils.py", line 93, in run_batch_jobs
    result = future.result()
             ^^^^^^^^^^^^^^^
  File "/l/users/sahal.mullappilly/miniconda3/envs/omnigen/lib/python3.11/concurrent/futures/_base.py", line 449, in result
    return self.__get_result()
           ^^^^^^^^^^^^^^^^^^^
  File "/l/users/sahal.mullappilly/miniconda3/envs/omnigen/lib/python3.11/concurrent/futures/_base.py", line 401, in __get_result
    raise self._exception
  File "/l/users/sahal.mullappilly/miniconda3/envs/omnigen/lib/python3.11/concurrent/futures/thread.py", line 58, in run
    result = self.fn(*self.args, **self.kwargs)
             ^^^^^^^^^^^^^^^^^^^^^^^^^^^^^^^^^^
  File "/home/sahal.mullappilly/mohammad/MedAgentSim/MedPromptSimulate/src/promptbase/mmlu/experiment.py", line 503, in solve
    response = {"response": None, "text": backend.query_model(prompt, sys_prompt), "success": True}
                                          ^^^^^^^^^^^^^^^^^^^
AttributeError: 'str' object has no attribute 'query_model'
2025-06-28 01:55:11,821 [MainThread  ] [INFO ]  Doctor [100%]: DIAGNOSIS READY: The provided discussion and findings do not support the conclusion of Cholecystitis. Cholecystitis is inflammation of the gallbladder, typically presenting with abdominal pain, fever, and other gastrointestinal symptoms, which are not mentioned in the discussion.

Based on the symptoms and test results discussed, the majority of the doctors suggest a neurological disorder, with possible conditions including amyotrophic lateral sclerosis (ALS), multiple sclerosis (MS), muscular dystrophy, or myasthenia gravis. The EMG test results are considered crucial in confirming the diagnosis.

Given the information presented, a more appropriate final diagnosis would be: Amyotrophic Lateral Sclerosis (ALS) or another motor neuron disease, pending the results of the EMG test and other diagnostic evaluations.
2025-06-28 01:55:14,351 [MainThread  ] [INFO ]  
Correct answer: Myasthenia gravis
2025-06-28 01:55:14,351 [MainThread  ] [INFO ]  Scene 0, The diagnosis was INCORRECT (0.00%)
2025-06-28 01:55:14,353 [MainThread  ] [INFO ]  Dialogue history saved for scenario 0 at /home/sahal.mullappilly/mohammad/MedAgentSim/medsim\output/scenario_0/dialogue_history.json.
2025-06-28 01:55:14,353 [MainThread  ] [INFO ]  Simulation completed.
2025-06-28 02:42:31,349 [MainThread  ] [ERROR]  Error occurred during run_batch_jobs.
Traceback (most recent call last):
  File "/home/sahal.mullappilly/mohammad/MedAgentSim/MedPromptSimulate/src/promptbase/mmlu/utils.py", line 93, in run_batch_jobs
    result = future.result()
             ^^^^^^^^^^^^^^^
  File "/l/users/sahal.mullappilly/miniconda3/envs/omnigen/lib/python3.11/concurrent/futures/_base.py", line 449, in result
    return self.__get_result()
           ^^^^^^^^^^^^^^^^^^^
  File "/l/users/sahal.mullappilly/miniconda3/envs/omnigen/lib/python3.11/concurrent/futures/_base.py", line 401, in __get_result
    raise self._exception
  File "/l/users/sahal.mullappilly/miniconda3/envs/omnigen/lib/python3.11/concurrent/futures/thread.py", line 58, in run
    result = self.fn(*self.args, **self.kwargs)
             ^^^^^^^^^^^^^^^^^^^^^^^^^^^^^^^^^^
  File "/home/sahal.mullappilly/mohammad/MedAgentSim/MedPromptSimulate/src/promptbase/mmlu/experiment.py", line 503, in solve
    response = {"response": None, "text": backend.query_model(prompt, sys_prompt), "success": True}
                                          ^^^^^^^^^^^^^^^^^^^
AttributeError: 'str' object has no attribute 'query_model'
2025-06-28 02:42:31,353 [MainThread  ] [ERROR]  Error occurred during run_batch_jobs.
Traceback (most recent call last):
  File "/home/sahal.mullappilly/mohammad/MedAgentSim/MedPromptSimulate/src/promptbase/mmlu/utils.py", line 93, in run_batch_jobs
    result = future.result()
             ^^^^^^^^^^^^^^^
  File "/l/users/sahal.mullappilly/miniconda3/envs/omnigen/lib/python3.11/concurrent/futures/_base.py", line 449, in result
    return self.__get_result()
           ^^^^^^^^^^^^^^^^^^^
  File "/l/users/sahal.mullappilly/miniconda3/envs/omnigen/lib/python3.11/concurrent/futures/_base.py", line 401, in __get_result
    raise self._exception
  File "/l/users/sahal.mullappilly/miniconda3/envs/omnigen/lib/python3.11/concurrent/futures/thread.py", line 58, in run
    result = self.fn(*self.args, **self.kwargs)
             ^^^^^^^^^^^^^^^^^^^^^^^^^^^^^^^^^^
  File "/home/sahal.mullappilly/mohammad/MedAgentSim/MedPromptSimulate/src/promptbase/mmlu/experiment.py", line 503, in solve
    response = {"response": None, "text": backend.query_model(prompt, sys_prompt), "success": True}
                                          ^^^^^^^^^^^^^^^^^^^
AttributeError: 'str' object has no attribute 'query_model'
2025-06-28 02:42:31,355 [MainThread  ] [ERROR]  Error occurred during run_batch_jobs.
Traceback (most recent call last):
  File "/home/sahal.mullappilly/mohammad/MedAgentSim/MedPromptSimulate/src/promptbase/mmlu/utils.py", line 93, in run_batch_jobs
    result = future.result()
             ^^^^^^^^^^^^^^^
  File "/l/users/sahal.mullappilly/miniconda3/envs/omnigen/lib/python3.11/concurrent/futures/_base.py", line 449, in result
    return self.__get_result()
           ^^^^^^^^^^^^^^^^^^^
  File "/l/users/sahal.mullappilly/miniconda3/envs/omnigen/lib/python3.11/concurrent/futures/_base.py", line 401, in __get_result
    raise self._exception
  File "/l/users/sahal.mullappilly/miniconda3/envs/omnigen/lib/python3.11/concurrent/futures/thread.py", line 58, in run
    result = self.fn(*self.args, **self.kwargs)
             ^^^^^^^^^^^^^^^^^^^^^^^^^^^^^^^^^^
  File "/home/sahal.mullappilly/mohammad/MedAgentSim/MedPromptSimulate/src/promptbase/mmlu/experiment.py", line 503, in solve
    response = {"response": None, "text": backend.query_model(prompt, sys_prompt), "success": True}
                                          ^^^^^^^^^^^^^^^^^^^
AttributeError: 'str' object has no attribute 'query_model'
2025-06-28 02:42:31,357 [MainThread  ] [ERROR]  Error occurred during run_batch_jobs.
Traceback (most recent call last):
  File "/home/sahal.mullappilly/mohammad/MedAgentSim/MedPromptSimulate/src/promptbase/mmlu/utils.py", line 93, in run_batch_jobs
    result = future.result()
             ^^^^^^^^^^^^^^^
  File "/l/users/sahal.mullappilly/miniconda3/envs/omnigen/lib/python3.11/concurrent/futures/_base.py", line 449, in result
    return self.__get_result()
           ^^^^^^^^^^^^^^^^^^^
  File "/l/users/sahal.mullappilly/miniconda3/envs/omnigen/lib/python3.11/concurrent/futures/_base.py", line 401, in __get_result
    raise self._exception
  File "/l/users/sahal.mullappilly/miniconda3/envs/omnigen/lib/python3.11/concurrent/futures/thread.py", line 58, in run
    result = self.fn(*self.args, **self.kwargs)
             ^^^^^^^^^^^^^^^^^^^^^^^^^^^^^^^^^^
  File "/home/sahal.mullappilly/mohammad/MedAgentSim/MedPromptSimulate/src/promptbase/mmlu/experiment.py", line 503, in solve
    response = {"response": None, "text": backend.query_model(prompt, sys_prompt), "success": True}
                                          ^^^^^^^^^^^^^^^^^^^
AttributeError: 'str' object has no attribute 'query_model'
2025-06-28 02:42:31,358 [MainThread  ] [ERROR]  Error occurred during run_batch_jobs.
Traceback (most recent call last):
  File "/home/sahal.mullappilly/mohammad/MedAgentSim/MedPromptSimulate/src/promptbase/mmlu/utils.py", line 93, in run_batch_jobs
    result = future.result()
             ^^^^^^^^^^^^^^^
  File "/l/users/sahal.mullappilly/miniconda3/envs/omnigen/lib/python3.11/concurrent/futures/_base.py", line 449, in result
    return self.__get_result()
           ^^^^^^^^^^^^^^^^^^^
  File "/l/users/sahal.mullappilly/miniconda3/envs/omnigen/lib/python3.11/concurrent/futures/_base.py", line 401, in __get_result
    raise self._exception
  File "/l/users/sahal.mullappilly/miniconda3/envs/omnigen/lib/python3.11/concurrent/futures/thread.py", line 58, in run
    result = self.fn(*self.args, **self.kwargs)
             ^^^^^^^^^^^^^^^^^^^^^^^^^^^^^^^^^^
  File "/home/sahal.mullappilly/mohammad/MedAgentSim/MedPromptSimulate/src/promptbase/mmlu/experiment.py", line 503, in solve
    response = {"response": None, "text": backend.query_model(prompt, sys_prompt), "success": True}
                                          ^^^^^^^^^^^^^^^^^^^
AttributeError: 'str' object has no attribute 'query_model'
2025-06-28 02:42:31,360 [MainThread  ] [ERROR]  Error occurred during run_batch_jobs.
Traceback (most recent call last):
  File "/home/sahal.mullappilly/mohammad/MedAgentSim/MedPromptSimulate/src/promptbase/mmlu/utils.py", line 93, in run_batch_jobs
    result = future.result()
             ^^^^^^^^^^^^^^^
  File "/l/users/sahal.mullappilly/miniconda3/envs/omnigen/lib/python3.11/concurrent/futures/_base.py", line 449, in result
    return self.__get_result()
           ^^^^^^^^^^^^^^^^^^^
  File "/l/users/sahal.mullappilly/miniconda3/envs/omnigen/lib/python3.11/concurrent/futures/_base.py", line 401, in __get_result
    raise self._exception
  File "/l/users/sahal.mullappilly/miniconda3/envs/omnigen/lib/python3.11/concurrent/futures/thread.py", line 58, in run
    result = self.fn(*self.args, **self.kwargs)
             ^^^^^^^^^^^^^^^^^^^^^^^^^^^^^^^^^^
  File "/home/sahal.mullappilly/mohammad/MedAgentSim/MedPromptSimulate/src/promptbase/mmlu/experiment.py", line 503, in solve
    response = {"response": None, "text": backend.query_model(prompt, sys_prompt), "success": True}
                                          ^^^^^^^^^^^^^^^^^^^
AttributeError: 'str' object has no attribute 'query_model'
2025-06-28 02:42:31,362 [MainThread  ] [ERROR]  Error occurred during run_batch_jobs.
Traceback (most recent call last):
  File "/home/sahal.mullappilly/mohammad/MedAgentSim/MedPromptSimulate/src/promptbase/mmlu/utils.py", line 93, in run_batch_jobs
    result = future.result()
             ^^^^^^^^^^^^^^^
  File "/l/users/sahal.mullappilly/miniconda3/envs/omnigen/lib/python3.11/concurrent/futures/_base.py", line 449, in result
    return self.__get_result()
           ^^^^^^^^^^^^^^^^^^^
  File "/l/users/sahal.mullappilly/miniconda3/envs/omnigen/lib/python3.11/concurrent/futures/_base.py", line 401, in __get_result
    raise self._exception
  File "/l/users/sahal.mullappilly/miniconda3/envs/omnigen/lib/python3.11/concurrent/futures/thread.py", line 58, in run
    result = self.fn(*self.args, **self.kwargs)
             ^^^^^^^^^^^^^^^^^^^^^^^^^^^^^^^^^^
  File "/home/sahal.mullappilly/mohammad/MedAgentSim/MedPromptSimulate/src/promptbase/mmlu/experiment.py", line 503, in solve
    response = {"response": None, "text": backend.query_model(prompt, sys_prompt), "success": True}
                                          ^^^^^^^^^^^^^^^^^^^
AttributeError: 'str' object has no attribute 'query_model'
2025-06-28 02:42:31,363 [MainThread  ] [ERROR]  Error occurred during run_batch_jobs.
Traceback (most recent call last):
  File "/home/sahal.mullappilly/mohammad/MedAgentSim/MedPromptSimulate/src/promptbase/mmlu/utils.py", line 93, in run_batch_jobs
    result = future.result()
             ^^^^^^^^^^^^^^^
  File "/l/users/sahal.mullappilly/miniconda3/envs/omnigen/lib/python3.11/concurrent/futures/_base.py", line 449, in result
    return self.__get_result()
           ^^^^^^^^^^^^^^^^^^^
  File "/l/users/sahal.mullappilly/miniconda3/envs/omnigen/lib/python3.11/concurrent/futures/_base.py", line 401, in __get_result
    raise self._exception
  File "/l/users/sahal.mullappilly/miniconda3/envs/omnigen/lib/python3.11/concurrent/futures/thread.py", line 58, in run
    result = self.fn(*self.args, **self.kwargs)
             ^^^^^^^^^^^^^^^^^^^^^^^^^^^^^^^^^^
  File "/home/sahal.mullappilly/mohammad/MedAgentSim/MedPromptSimulate/src/promptbase/mmlu/experiment.py", line 503, in solve
    response = {"response": None, "text": backend.query_model(prompt, sys_prompt), "success": True}
                                          ^^^^^^^^^^^^^^^^^^^
AttributeError: 'str' object has no attribute 'query_model'
2025-06-28 02:42:31,367 [MainThread  ] [ERROR]  Error occurred during run_batch_jobs.
Traceback (most recent call last):
  File "/home/sahal.mullappilly/mohammad/MedAgentSim/MedPromptSimulate/src/promptbase/mmlu/utils.py", line 93, in run_batch_jobs
    result = future.result()
             ^^^^^^^^^^^^^^^
  File "/l/users/sahal.mullappilly/miniconda3/envs/omnigen/lib/python3.11/concurrent/futures/_base.py", line 449, in result
    return self.__get_result()
           ^^^^^^^^^^^^^^^^^^^
  File "/l/users/sahal.mullappilly/miniconda3/envs/omnigen/lib/python3.11/concurrent/futures/_base.py", line 401, in __get_result
    raise self._exception
  File "/l/users/sahal.mullappilly/miniconda3/envs/omnigen/lib/python3.11/concurrent/futures/thread.py", line 58, in run
    result = self.fn(*self.args, **self.kwargs)
             ^^^^^^^^^^^^^^^^^^^^^^^^^^^^^^^^^^
  File "/home/sahal.mullappilly/mohammad/MedAgentSim/MedPromptSimulate/src/promptbase/mmlu/experiment.py", line 503, in solve
    response = {"response": None, "text": backend.query_model(prompt, sys_prompt), "success": True}
                                          ^^^^^^^^^^^^^^^^^^^
AttributeError: 'str' object has no attribute 'query_model'
2025-06-28 02:42:31,368 [MainThread  ] [ERROR]  Error occurred during run_batch_jobs.
Traceback (most recent call last):
  File "/home/sahal.mullappilly/mohammad/MedAgentSim/MedPromptSimulate/src/promptbase/mmlu/utils.py", line 93, in run_batch_jobs
    result = future.result()
             ^^^^^^^^^^^^^^^
  File "/l/users/sahal.mullappilly/miniconda3/envs/omnigen/lib/python3.11/concurrent/futures/_base.py", line 449, in result
    return self.__get_result()
           ^^^^^^^^^^^^^^^^^^^
  File "/l/users/sahal.mullappilly/miniconda3/envs/omnigen/lib/python3.11/concurrent/futures/_base.py", line 401, in __get_result
    raise self._exception
  File "/l/users/sahal.mullappilly/miniconda3/envs/omnigen/lib/python3.11/concurrent/futures/thread.py", line 58, in run
    result = self.fn(*self.args, **self.kwargs)
             ^^^^^^^^^^^^^^^^^^^^^^^^^^^^^^^^^^
  File "/home/sahal.mullappilly/mohammad/MedAgentSim/MedPromptSimulate/src/promptbase/mmlu/experiment.py", line 503, in solve
    response = {"response": None, "text": backend.query_model(prompt, sys_prompt), "success": True}
                                          ^^^^^^^^^^^^^^^^^^^
AttributeError: 'str' object has no attribute 'query_model'
2025-06-28 02:42:44,348 [MainThread  ] [INFO ]  Doctor [100%]: DIAGNOSIS READY: Myasthenia Gravis (MG)

The majority of the doctors (Doctors 1, 2, 4, and 5) considered Myasthenia Gravis as a potential diagnosis due to the patient's symptoms, such as fluctuating weakness, double vision, difficulty with speech and swallowing, and muscle cramps. Although some doctors also mentioned other conditions like Multiple Sclerosis (MS) and Amyotrophic Lateral Sclerosis (ALS), the combination of symptoms and the absence of specific indicators for these conditions made Myasthenia Gravis a more likely diagnosis.

Note: Cholecystitis, which was mentioned as the concluded diagnosis, does not align with the discussion and symptoms presented, as it is an inflammation of the gallbladder and does not match the neurological symptoms described by the patient.
2025-06-28 02:42:46,879 [MainThread  ] [INFO ]  
Correct answer: Myasthenia gravis
2025-06-28 02:42:46,879 [MainThread  ] [INFO ]  Scene 0, The diagnosis was CORRECT (100.00%)
2025-06-28 02:42:46,881 [MainThread  ] [INFO ]  Dialogue history saved for scenario 0 at /home/sahal.mullappilly/mohammad/MedAgentSim/output/scenario_0/dialogue_history.json.
2025-06-28 02:42:46,881 [MainThread  ] [INFO ]  Simulation completed.
2025-06-28 03:15:47,187 [MainThread  ] [ERROR]  Error occurred during run_batch_jobs.
Traceback (most recent call last):
  File "/home/sahal.mullappilly/mohammad/MedAgentSim/MedPromptSimulate/src/promptbase/mmlu/utils.py", line 93, in run_batch_jobs
    result = future.result()
             ^^^^^^^^^^^^^^^
  File "/l/users/sahal.mullappilly/miniconda3/envs/omnigen/lib/python3.11/concurrent/futures/_base.py", line 449, in result
    return self.__get_result()
           ^^^^^^^^^^^^^^^^^^^
  File "/l/users/sahal.mullappilly/miniconda3/envs/omnigen/lib/python3.11/concurrent/futures/_base.py", line 401, in __get_result
    raise self._exception
  File "/l/users/sahal.mullappilly/miniconda3/envs/omnigen/lib/python3.11/concurrent/futures/thread.py", line 58, in run
    result = self.fn(*self.args, **self.kwargs)
             ^^^^^^^^^^^^^^^^^^^^^^^^^^^^^^^^^^
  File "/home/sahal.mullappilly/mohammad/MedAgentSim/MedPromptSimulate/src/promptbase/mmlu/experiment.py", line 503, in solve
    response = {"response": None, "text": backend.query_model(prompt, sys_prompt), "success": True}
                                          ^^^^^^^^^^^^^^^^^^^
AttributeError: 'str' object has no attribute 'query_model'
2025-06-28 03:15:47,190 [MainThread  ] [ERROR]  Error occurred during run_batch_jobs.
Traceback (most recent call last):
  File "/home/sahal.mullappilly/mohammad/MedAgentSim/MedPromptSimulate/src/promptbase/mmlu/utils.py", line 93, in run_batch_jobs
    result = future.result()
             ^^^^^^^^^^^^^^^
  File "/l/users/sahal.mullappilly/miniconda3/envs/omnigen/lib/python3.11/concurrent/futures/_base.py", line 449, in result
    return self.__get_result()
           ^^^^^^^^^^^^^^^^^^^
  File "/l/users/sahal.mullappilly/miniconda3/envs/omnigen/lib/python3.11/concurrent/futures/_base.py", line 401, in __get_result
    raise self._exception
  File "/l/users/sahal.mullappilly/miniconda3/envs/omnigen/lib/python3.11/concurrent/futures/thread.py", line 58, in run
    result = self.fn(*self.args, **self.kwargs)
             ^^^^^^^^^^^^^^^^^^^^^^^^^^^^^^^^^^
  File "/home/sahal.mullappilly/mohammad/MedAgentSim/MedPromptSimulate/src/promptbase/mmlu/experiment.py", line 503, in solve
    response = {"response": None, "text": backend.query_model(prompt, sys_prompt), "success": True}
                                          ^^^^^^^^^^^^^^^^^^^
AttributeError: 'str' object has no attribute 'query_model'
2025-06-28 03:15:47,192 [MainThread  ] [ERROR]  Error occurred during run_batch_jobs.
Traceback (most recent call last):
  File "/home/sahal.mullappilly/mohammad/MedAgentSim/MedPromptSimulate/src/promptbase/mmlu/utils.py", line 93, in run_batch_jobs
    result = future.result()
             ^^^^^^^^^^^^^^^
  File "/l/users/sahal.mullappilly/miniconda3/envs/omnigen/lib/python3.11/concurrent/futures/_base.py", line 449, in result
    return self.__get_result()
           ^^^^^^^^^^^^^^^^^^^
  File "/l/users/sahal.mullappilly/miniconda3/envs/omnigen/lib/python3.11/concurrent/futures/_base.py", line 401, in __get_result
    raise self._exception
  File "/l/users/sahal.mullappilly/miniconda3/envs/omnigen/lib/python3.11/concurrent/futures/thread.py", line 58, in run
    result = self.fn(*self.args, **self.kwargs)
             ^^^^^^^^^^^^^^^^^^^^^^^^^^^^^^^^^^
  File "/home/sahal.mullappilly/mohammad/MedAgentSim/MedPromptSimulate/src/promptbase/mmlu/experiment.py", line 503, in solve
    response = {"response": None, "text": backend.query_model(prompt, sys_prompt), "success": True}
                                          ^^^^^^^^^^^^^^^^^^^
AttributeError: 'str' object has no attribute 'query_model'
2025-06-28 03:15:47,193 [MainThread  ] [ERROR]  Error occurred during run_batch_jobs.
Traceback (most recent call last):
  File "/home/sahal.mullappilly/mohammad/MedAgentSim/MedPromptSimulate/src/promptbase/mmlu/utils.py", line 93, in run_batch_jobs
    result = future.result()
             ^^^^^^^^^^^^^^^
  File "/l/users/sahal.mullappilly/miniconda3/envs/omnigen/lib/python3.11/concurrent/futures/_base.py", line 449, in result
    return self.__get_result()
           ^^^^^^^^^^^^^^^^^^^
  File "/l/users/sahal.mullappilly/miniconda3/envs/omnigen/lib/python3.11/concurrent/futures/_base.py", line 401, in __get_result
    raise self._exception
  File "/l/users/sahal.mullappilly/miniconda3/envs/omnigen/lib/python3.11/concurrent/futures/thread.py", line 58, in run
    result = self.fn(*self.args, **self.kwargs)
             ^^^^^^^^^^^^^^^^^^^^^^^^^^^^^^^^^^
  File "/home/sahal.mullappilly/mohammad/MedAgentSim/MedPromptSimulate/src/promptbase/mmlu/experiment.py", line 503, in solve
    response = {"response": None, "text": backend.query_model(prompt, sys_prompt), "success": True}
                                          ^^^^^^^^^^^^^^^^^^^
AttributeError: 'str' object has no attribute 'query_model'
2025-06-28 03:15:47,194 [MainThread  ] [ERROR]  Error occurred during run_batch_jobs.
Traceback (most recent call last):
  File "/home/sahal.mullappilly/mohammad/MedAgentSim/MedPromptSimulate/src/promptbase/mmlu/utils.py", line 93, in run_batch_jobs
    result = future.result()
             ^^^^^^^^^^^^^^^
  File "/l/users/sahal.mullappilly/miniconda3/envs/omnigen/lib/python3.11/concurrent/futures/_base.py", line 449, in result
    return self.__get_result()
           ^^^^^^^^^^^^^^^^^^^
  File "/l/users/sahal.mullappilly/miniconda3/envs/omnigen/lib/python3.11/concurrent/futures/_base.py", line 401, in __get_result
    raise self._exception
  File "/l/users/sahal.mullappilly/miniconda3/envs/omnigen/lib/python3.11/concurrent/futures/thread.py", line 58, in run
    result = self.fn(*self.args, **self.kwargs)
             ^^^^^^^^^^^^^^^^^^^^^^^^^^^^^^^^^^
  File "/home/sahal.mullappilly/mohammad/MedAgentSim/MedPromptSimulate/src/promptbase/mmlu/experiment.py", line 503, in solve
    response = {"response": None, "text": backend.query_model(prompt, sys_prompt), "success": True}
                                          ^^^^^^^^^^^^^^^^^^^
AttributeError: 'str' object has no attribute 'query_model'
2025-06-28 03:15:47,196 [MainThread  ] [ERROR]  Error occurred during run_batch_jobs.
Traceback (most recent call last):
  File "/home/sahal.mullappilly/mohammad/MedAgentSim/MedPromptSimulate/src/promptbase/mmlu/utils.py", line 93, in run_batch_jobs
    result = future.result()
             ^^^^^^^^^^^^^^^
  File "/l/users/sahal.mullappilly/miniconda3/envs/omnigen/lib/python3.11/concurrent/futures/_base.py", line 449, in result
    return self.__get_result()
           ^^^^^^^^^^^^^^^^^^^
  File "/l/users/sahal.mullappilly/miniconda3/envs/omnigen/lib/python3.11/concurrent/futures/_base.py", line 401, in __get_result
    raise self._exception
  File "/l/users/sahal.mullappilly/miniconda3/envs/omnigen/lib/python3.11/concurrent/futures/thread.py", line 58, in run
    result = self.fn(*self.args, **self.kwargs)
             ^^^^^^^^^^^^^^^^^^^^^^^^^^^^^^^^^^
  File "/home/sahal.mullappilly/mohammad/MedAgentSim/MedPromptSimulate/src/promptbase/mmlu/experiment.py", line 503, in solve
    response = {"response": None, "text": backend.query_model(prompt, sys_prompt), "success": True}
                                          ^^^^^^^^^^^^^^^^^^^
AttributeError: 'str' object has no attribute 'query_model'
2025-06-28 03:15:47,198 [MainThread  ] [ERROR]  Error occurred during run_batch_jobs.
Traceback (most recent call last):
  File "/home/sahal.mullappilly/mohammad/MedAgentSim/MedPromptSimulate/src/promptbase/mmlu/utils.py", line 93, in run_batch_jobs
    result = future.result()
             ^^^^^^^^^^^^^^^
  File "/l/users/sahal.mullappilly/miniconda3/envs/omnigen/lib/python3.11/concurrent/futures/_base.py", line 449, in result
    return self.__get_result()
           ^^^^^^^^^^^^^^^^^^^
  File "/l/users/sahal.mullappilly/miniconda3/envs/omnigen/lib/python3.11/concurrent/futures/_base.py", line 401, in __get_result
    raise self._exception
  File "/l/users/sahal.mullappilly/miniconda3/envs/omnigen/lib/python3.11/concurrent/futures/thread.py", line 58, in run
    result = self.fn(*self.args, **self.kwargs)
             ^^^^^^^^^^^^^^^^^^^^^^^^^^^^^^^^^^
  File "/home/sahal.mullappilly/mohammad/MedAgentSim/MedPromptSimulate/src/promptbase/mmlu/experiment.py", line 503, in solve
    response = {"response": None, "text": backend.query_model(prompt, sys_prompt), "success": True}
                                          ^^^^^^^^^^^^^^^^^^^
AttributeError: 'str' object has no attribute 'query_model'
2025-06-28 03:15:47,200 [MainThread  ] [ERROR]  Error occurred during run_batch_jobs.
Traceback (most recent call last):
  File "/home/sahal.mullappilly/mohammad/MedAgentSim/MedPromptSimulate/src/promptbase/mmlu/utils.py", line 93, in run_batch_jobs
    result = future.result()
             ^^^^^^^^^^^^^^^
  File "/l/users/sahal.mullappilly/miniconda3/envs/omnigen/lib/python3.11/concurrent/futures/_base.py", line 449, in result
    return self.__get_result()
           ^^^^^^^^^^^^^^^^^^^
  File "/l/users/sahal.mullappilly/miniconda3/envs/omnigen/lib/python3.11/concurrent/futures/_base.py", line 401, in __get_result
    raise self._exception
  File "/l/users/sahal.mullappilly/miniconda3/envs/omnigen/lib/python3.11/concurrent/futures/thread.py", line 58, in run
    result = self.fn(*self.args, **self.kwargs)
             ^^^^^^^^^^^^^^^^^^^^^^^^^^^^^^^^^^
  File "/home/sahal.mullappilly/mohammad/MedAgentSim/MedPromptSimulate/src/promptbase/mmlu/experiment.py", line 503, in solve
    response = {"response": None, "text": backend.query_model(prompt, sys_prompt), "success": True}
                                          ^^^^^^^^^^^^^^^^^^^
AttributeError: 'str' object has no attribute 'query_model'
2025-06-28 03:15:47,202 [MainThread  ] [ERROR]  Error occurred during run_batch_jobs.
Traceback (most recent call last):
  File "/home/sahal.mullappilly/mohammad/MedAgentSim/MedPromptSimulate/src/promptbase/mmlu/utils.py", line 93, in run_batch_jobs
    result = future.result()
             ^^^^^^^^^^^^^^^
  File "/l/users/sahal.mullappilly/miniconda3/envs/omnigen/lib/python3.11/concurrent/futures/_base.py", line 449, in result
    return self.__get_result()
           ^^^^^^^^^^^^^^^^^^^
  File "/l/users/sahal.mullappilly/miniconda3/envs/omnigen/lib/python3.11/concurrent/futures/_base.py", line 401, in __get_result
    raise self._exception
  File "/l/users/sahal.mullappilly/miniconda3/envs/omnigen/lib/python3.11/concurrent/futures/thread.py", line 58, in run
    result = self.fn(*self.args, **self.kwargs)
             ^^^^^^^^^^^^^^^^^^^^^^^^^^^^^^^^^^
  File "/home/sahal.mullappilly/mohammad/MedAgentSim/MedPromptSimulate/src/promptbase/mmlu/experiment.py", line 503, in solve
    response = {"response": None, "text": backend.query_model(prompt, sys_prompt), "success": True}
                                          ^^^^^^^^^^^^^^^^^^^
AttributeError: 'str' object has no attribute 'query_model'
2025-06-28 03:15:47,203 [MainThread  ] [ERROR]  Error occurred during run_batch_jobs.
Traceback (most recent call last):
  File "/home/sahal.mullappilly/mohammad/MedAgentSim/MedPromptSimulate/src/promptbase/mmlu/utils.py", line 93, in run_batch_jobs
    result = future.result()
             ^^^^^^^^^^^^^^^
  File "/l/users/sahal.mullappilly/miniconda3/envs/omnigen/lib/python3.11/concurrent/futures/_base.py", line 449, in result
    return self.__get_result()
           ^^^^^^^^^^^^^^^^^^^
  File "/l/users/sahal.mullappilly/miniconda3/envs/omnigen/lib/python3.11/concurrent/futures/_base.py", line 401, in __get_result
    raise self._exception
  File "/l/users/sahal.mullappilly/miniconda3/envs/omnigen/lib/python3.11/concurrent/futures/thread.py", line 58, in run
    result = self.fn(*self.args, **self.kwargs)
             ^^^^^^^^^^^^^^^^^^^^^^^^^^^^^^^^^^
  File "/home/sahal.mullappilly/mohammad/MedAgentSim/MedPromptSimulate/src/promptbase/mmlu/experiment.py", line 503, in solve
    response = {"response": None, "text": backend.query_model(prompt, sys_prompt), "success": True}
                                          ^^^^^^^^^^^^^^^^^^^
AttributeError: 'str' object has no attribute 'query_model'
2025-06-28 03:16:01,842 [MainThread  ] [INFO ]  Doctor [100%]: DIAGNOSIS READY: The provided discussion and findings do not support the diagnosis of Cholecystitis. Cholecystitis is an inflammation of the gallbladder, typically presenting with abdominal pain, fever, and potentially jaundice, which does not align with the neurological symptoms described.

Based on the symptoms presented, including double vision, upper limb weakness, difficulty climbing stairs, fine motor movement difficulties, and the discussion among the doctors considering conditions such as multiple sclerosis, myasthenia gravis, amyotrophic lateral sclerosis (ALS), muscular dystrophy, and peripheral neuropathy, a more appropriate diagnosis would be a neurological disorder.

Given the combination of motor symptoms (upper limb weakness, difficulty climbing stairs), potential sensory or balance issues (double vision, difficulty with fine motor movements), and the absence of clear indications of a systemic illness or infection, the most likely diagnosis would be a condition affecting the nervous system, such as Amyotrophic Lateral Sclerosis (ALS) or another
2025-06-28 03:16:04,380 [MainThread  ] [INFO ]  
Correct answer: Myasthenia gravis
2025-06-28 03:16:04,380 [MainThread  ] [INFO ]  Scene 0, The diagnosis was INCORRECT (0.00%)
2025-06-28 03:16:04,382 [MainThread  ] [INFO ]  Dialogue history saved for scenario 0 at /home/sahal.mullappilly/mohammad/MedAgentSim/output/scenario_0/dialogue_history.json.
2025-06-28 03:16:04,382 [MainThread  ] [INFO ]  Simulation completed.
2026-03-01 09:51:31,757 [MainThread  ] [ERROR]  Error occurred during run_batch_jobs.
Traceback (most recent call last):
  File "/root/MedAgentSim/MedPromptSimulate/src/promptbase/mmlu/utils.py", line 93, in run_batch_jobs
    result = future.result()
  File "/root/miniconda3/envs/mgent/lib/python3.10/concurrent/futures/_base.py", line 451, in result
    return self.__get_result()
  File "/root/miniconda3/envs/mgent/lib/python3.10/concurrent/futures/_base.py", line 403, in __get_result
    raise self._exception
  File "/root/miniconda3/envs/mgent/lib/python3.10/concurrent/futures/thread.py", line 58, in run
    result = self.fn(*self.args, **self.kwargs)
  File "/root/MedAgentSim/MedPromptSimulate/src/promptbase/mmlu/experiment.py", line 604, in solve
    reflect_phase(options, problem, output, backend)
  File "/root/MedAgentSim/MedPromptSimulate/src/promptbase/mmlu/experiment.py", line 633, in reflect_phase
    Correct Reasoning: {correct_reasoning[problem['correct_answer']]}
KeyError: None
2026-03-01 09:51:47,169 [MainThread  ] [ERROR]  Error occurred during run_batch_jobs.
Traceback (most recent call last):
  File "/root/MedAgentSim/MedPromptSimulate/src/promptbase/mmlu/utils.py", line 93, in run_batch_jobs
    result = future.result()
  File "/root/miniconda3/envs/mgent/lib/python3.10/concurrent/futures/_base.py", line 451, in result
    return self.__get_result()
  File "/root/miniconda3/envs/mgent/lib/python3.10/concurrent/futures/_base.py", line 403, in __get_result
    raise self._exception
  File "/root/miniconda3/envs/mgent/lib/python3.10/concurrent/futures/thread.py", line 58, in run
    result = self.fn(*self.args, **self.kwargs)
  File "/root/MedAgentSim/MedPromptSimulate/src/promptbase/mmlu/experiment.py", line 604, in solve
    reflect_phase(options, problem, output, backend)
  File "/root/MedAgentSim/MedPromptSimulate/src/promptbase/mmlu/experiment.py", line 633, in reflect_phase
    Correct Reasoning: {correct_reasoning[problem['correct_answer']]}
KeyError: None
2026-03-01 09:55:14,721 [MainThread  ] [ERROR]  Error occurred during run_batch_jobs.
Traceback (most recent call last):
  File "/root/MedAgentSim/MedPromptSimulate/src/promptbase/mmlu/utils.py", line 93, in run_batch_jobs
    result = future.result()
  File "/root/miniconda3/envs/mgent/lib/python3.10/concurrent/futures/_base.py", line 451, in result
    return self.__get_result()
  File "/root/miniconda3/envs/mgent/lib/python3.10/concurrent/futures/_base.py", line 403, in __get_result
    raise self._exception
  File "/root/miniconda3/envs/mgent/lib/python3.10/concurrent/futures/thread.py", line 58, in run
    result = self.fn(*self.args, **self.kwargs)
  File "/root/MedAgentSim/MedPromptSimulate/src/promptbase/mmlu/experiment.py", line 604, in solve
    reflect_phase(options, problem, output, backend)
  File "/root/MedAgentSim/MedPromptSimulate/src/promptbase/mmlu/experiment.py", line 633, in reflect_phase
    Correct Reasoning: {correct_reasoning[problem['correct_answer']]}
KeyError: None
2026-03-01 09:55:40,314 [MainThread  ] [ERROR]  Error occurred during run_batch_jobs.
Traceback (most recent call last):
  File "/root/MedAgentSim/MedPromptSimulate/src/promptbase/mmlu/utils.py", line 93, in run_batch_jobs
    result = future.result()
  File "/root/miniconda3/envs/mgent/lib/python3.10/concurrent/futures/_base.py", line 451, in result
    return self.__get_result()
  File "/root/miniconda3/envs/mgent/lib/python3.10/concurrent/futures/_base.py", line 403, in __get_result
    raise self._exception
  File "/root/miniconda3/envs/mgent/lib/python3.10/concurrent/futures/thread.py", line 58, in run
    result = self.fn(*self.args, **self.kwargs)
  File "/root/MedAgentSim/MedPromptSimulate/src/promptbase/mmlu/experiment.py", line 604, in solve
    reflect_phase(options, problem, output, backend)
  File "/root/MedAgentSim/MedPromptSimulate/src/promptbase/mmlu/experiment.py", line 633, in reflect_phase
    Correct Reasoning: {correct_reasoning[problem['correct_answer']]}
KeyError: None
2026-03-01 09:56:32,946 [MainThread  ] [ERROR]  Error occurred during run_batch_jobs.
Traceback (most recent call last):
  File "/root/MedAgentSim/MedPromptSimulate/src/promptbase/mmlu/utils.py", line 93, in run_batch_jobs
    result = future.result()
  File "/root/miniconda3/envs/mgent/lib/python3.10/concurrent/futures/_base.py", line 451, in result
    return self.__get_result()
  File "/root/miniconda3/envs/mgent/lib/python3.10/concurrent/futures/_base.py", line 403, in __get_result
    raise self._exception
  File "/root/miniconda3/envs/mgent/lib/python3.10/concurrent/futures/thread.py", line 58, in run
    result = self.fn(*self.args, **self.kwargs)
  File "/root/MedAgentSim/MedPromptSimulate/src/promptbase/mmlu/experiment.py", line 604, in solve
    reflect_phase(options, problem, output, backend)
  File "/root/MedAgentSim/MedPromptSimulate/src/promptbase/mmlu/experiment.py", line 633, in reflect_phase
    Correct Reasoning: {correct_reasoning[problem['correct_answer']]}
KeyError: None
2026-03-01 09:58:12,360 [MainThread  ] [ERROR]  Error occurred during run_batch_jobs.
Traceback (most recent call last):
  File "/root/MedAgentSim/MedPromptSimulate/src/promptbase/mmlu/utils.py", line 93, in run_batch_jobs
    result = future.result()
  File "/root/miniconda3/envs/mgent/lib/python3.10/concurrent/futures/_base.py", line 451, in result
    return self.__get_result()
  File "/root/miniconda3/envs/mgent/lib/python3.10/concurrent/futures/_base.py", line 403, in __get_result
    raise self._exception
  File "/root/miniconda3/envs/mgent/lib/python3.10/concurrent/futures/thread.py", line 58, in run
    result = self.fn(*self.args, **self.kwargs)
  File "/root/MedAgentSim/MedPromptSimulate/src/promptbase/mmlu/experiment.py", line 604, in solve
    reflect_phase(options, problem, output, backend)
  File "/root/MedAgentSim/MedPromptSimulate/src/promptbase/mmlu/experiment.py", line 633, in reflect_phase
    Correct Reasoning: {correct_reasoning[problem['correct_answer']]}
KeyError: None
2026-03-02 03:36:32,947 [MainThread  ] [ERROR]  Error occurred during run_batch_jobs.
Traceback (most recent call last):
  File "/root/MedAgentSim/MedPromptSimulate/src/promptbase/mmlu/utils.py", line 93, in run_batch_jobs
    result = future.result()
  File "/root/miniconda3/envs/mgent/lib/python3.10/concurrent/futures/_base.py", line 451, in result
    return self.__get_result()
  File "/root/miniconda3/envs/mgent/lib/python3.10/concurrent/futures/_base.py", line 403, in __get_result
    raise self._exception
  File "/root/miniconda3/envs/mgent/lib/python3.10/concurrent/futures/thread.py", line 58, in run
    result = self.fn(*self.args, **self.kwargs)
  File "/root/MedAgentSim/MedPromptSimulate/src/promptbase/mmlu/experiment.py", line 604, in solve
    reflect_phase(options, problem, output, backend)
  File "/root/MedAgentSim/MedPromptSimulate/src/promptbase/mmlu/experiment.py", line 633, in reflect_phase
    Correct Reasoning: {correct_reasoning[problem['correct_answer']]}
KeyError: None
2026-03-02 03:37:15,267 [MainThread  ] [ERROR]  Error occurred during run_batch_jobs.
Traceback (most recent call last):
  File "/root/MedAgentSim/MedPromptSimulate/src/promptbase/mmlu/utils.py", line 93, in run_batch_jobs
    result = future.result()
  File "/root/miniconda3/envs/mgent/lib/python3.10/concurrent/futures/_base.py", line 451, in result
    return self.__get_result()
  File "/root/miniconda3/envs/mgent/lib/python3.10/concurrent/futures/_base.py", line 403, in __get_result
    raise self._exception
  File "/root/miniconda3/envs/mgent/lib/python3.10/concurrent/futures/thread.py", line 58, in run
    result = self.fn(*self.args, **self.kwargs)
  File "/root/MedAgentSim/MedPromptSimulate/src/promptbase/mmlu/experiment.py", line 604, in solve
    reflect_phase(options, problem, output, backend)
  File "/root/MedAgentSim/MedPromptSimulate/src/promptbase/mmlu/experiment.py", line 633, in reflect_phase
    Correct Reasoning: {correct_reasoning[problem['correct_answer']]}
KeyError: None
2026-03-02 03:37:28,781 [MainThread  ] [ERROR]  Error occurred during run_batch_jobs.
Traceback (most recent call last):
  File "/root/MedAgentSim/MedPromptSimulate/src/promptbase/mmlu/utils.py", line 93, in run_batch_jobs
    result = future.result()
  File "/root/miniconda3/envs/mgent/lib/python3.10/concurrent/futures/_base.py", line 451, in result
    return self.__get_result()
  File "/root/miniconda3/envs/mgent/lib/python3.10/concurrent/futures/_base.py", line 403, in __get_result
    raise self._exception
  File "/root/miniconda3/envs/mgent/lib/python3.10/concurrent/futures/thread.py", line 58, in run
    result = self.fn(*self.args, **self.kwargs)
  File "/root/MedAgentSim/MedPromptSimulate/src/promptbase/mmlu/experiment.py", line 604, in solve
    reflect_phase(options, problem, output, backend)
  File "/root/MedAgentSim/MedPromptSimulate/src/promptbase/mmlu/experiment.py", line 633, in reflect_phase
    Correct Reasoning: {correct_reasoning[problem['correct_answer']]}
KeyError: None
2026-03-02 03:39:06,366 [MainThread  ] [ERROR]  Error occurred during run_batch_jobs.
Traceback (most recent call last):
  File "/root/MedAgentSim/MedPromptSimulate/src/promptbase/mmlu/utils.py", line 93, in run_batch_jobs
    result = future.result()
  File "/root/miniconda3/envs/mgent/lib/python3.10/concurrent/futures/_base.py", line 451, in result
    return self.__get_result()
  File "/root/miniconda3/envs/mgent/lib/python3.10/concurrent/futures/_base.py", line 403, in __get_result
    raise self._exception
  File "/root/miniconda3/envs/mgent/lib/python3.10/concurrent/futures/thread.py", line 58, in run
    result = self.fn(*self.args, **self.kwargs)
  File "/root/MedAgentSim/MedPromptSimulate/src/promptbase/mmlu/experiment.py", line 604, in solve
    reflect_phase(options, problem, output, backend)
  File "/root/MedAgentSim/MedPromptSimulate/src/promptbase/mmlu/experiment.py", line 633, in reflect_phase
    Correct Reasoning: {correct_reasoning[problem['correct_answer']]}
KeyError: None
2026-03-02 03:39:20,610 [MainThread  ] [ERROR]  Error occurred during run_batch_jobs.
Traceback (most recent call last):
  File "/root/MedAgentSim/MedPromptSimulate/src/promptbase/mmlu/utils.py", line 93, in run_batch_jobs
    result = future.result()
  File "/root/miniconda3/envs/mgent/lib/python3.10/concurrent/futures/_base.py", line 451, in result
    return self.__get_result()
  File "/root/miniconda3/envs/mgent/lib/python3.10/concurrent/futures/_base.py", line 403, in __get_result
    raise self._exception
  File "/root/miniconda3/envs/mgent/lib/python3.10/concurrent/futures/thread.py", line 58, in run
    result = self.fn(*self.args, **self.kwargs)
  File "/root/MedAgentSim/MedPromptSimulate/src/promptbase/mmlu/experiment.py", line 604, in solve
    reflect_phase(options, problem, output, backend)
  File "/root/MedAgentSim/MedPromptSimulate/src/promptbase/mmlu/experiment.py", line 633, in reflect_phase
    Correct Reasoning: {correct_reasoning[problem['correct_answer']]}
KeyError: None
2026-03-02 03:39:33,691 [MainThread  ] [ERROR]  Error occurred during run_batch_jobs.
Traceback (most recent call last):
  File "/root/MedAgentSim/MedPromptSimulate/src/promptbase/mmlu/utils.py", line 93, in run_batch_jobs
    result = future.result()
  File "/root/miniconda3/envs/mgent/lib/python3.10/concurrent/futures/_base.py", line 451, in result
    return self.__get_result()
  File "/root/miniconda3/envs/mgent/lib/python3.10/concurrent/futures/_base.py", line 403, in __get_result
    raise self._exception
  File "/root/miniconda3/envs/mgent/lib/python3.10/concurrent/futures/thread.py", line 58, in run
    result = self.fn(*self.args, **self.kwargs)
  File "/root/MedAgentSim/MedPromptSimulate/src/promptbase/mmlu/experiment.py", line 604, in solve
    reflect_phase(options, problem, output, backend)
  File "/root/MedAgentSim/MedPromptSimulate/src/promptbase/mmlu/experiment.py", line 633, in reflect_phase
    Correct Reasoning: {correct_reasoning[problem['correct_answer']]}
KeyError: None
2026-03-02 03:39:45,193 [MainThread  ] [ERROR]  Error occurred during run_batch_jobs.
Traceback (most recent call last):
  File "/root/MedAgentSim/MedPromptSimulate/src/promptbase/mmlu/utils.py", line 93, in run_batch_jobs
    result = future.result()
  File "/root/miniconda3/envs/mgent/lib/python3.10/concurrent/futures/_base.py", line 451, in result
    return self.__get_result()
  File "/root/miniconda3/envs/mgent/lib/python3.10/concurrent/futures/_base.py", line 403, in __get_result
    raise self._exception
  File "/root/miniconda3/envs/mgent/lib/python3.10/concurrent/futures/thread.py", line 58, in run
    result = self.fn(*self.args, **self.kwargs)
  File "/root/MedAgentSim/MedPromptSimulate/src/promptbase/mmlu/experiment.py", line 604, in solve
    reflect_phase(options, problem, output, backend)
  File "/root/MedAgentSim/MedPromptSimulate/src/promptbase/mmlu/experiment.py", line 633, in reflect_phase
    Correct Reasoning: {correct_reasoning[problem['correct_answer']]}
KeyError: None
2026-03-02 03:41:25,725 [MainThread  ] [ERROR]  Error occurred during run_batch_jobs.
Traceback (most recent call last):
  File "/root/MedAgentSim/MedPromptSimulate/src/promptbase/mmlu/utils.py", line 93, in run_batch_jobs
    result = future.result()
  File "/root/miniconda3/envs/mgent/lib/python3.10/concurrent/futures/_base.py", line 451, in result
    return self.__get_result()
  File "/root/miniconda3/envs/mgent/lib/python3.10/concurrent/futures/_base.py", line 403, in __get_result
    raise self._exception
  File "/root/miniconda3/envs/mgent/lib/python3.10/concurrent/futures/thread.py", line 58, in run
    result = self.fn(*self.args, **self.kwargs)
  File "/root/MedAgentSim/MedPromptSimulate/src/promptbase/mmlu/experiment.py", line 604, in solve
    reflect_phase(options, problem, output, backend)
  File "/root/MedAgentSim/MedPromptSimulate/src/promptbase/mmlu/experiment.py", line 633, in reflect_phase
    Correct Reasoning: {correct_reasoning[problem['correct_answer']]}
KeyError: None
2026-03-02 03:41:39,416 [MainThread  ] [ERROR]  Error occurred during run_batch_jobs.
Traceback (most recent call last):
  File "/root/MedAgentSim/MedPromptSimulate/src/promptbase/mmlu/utils.py", line 93, in run_batch_jobs
    result = future.result()
  File "/root/miniconda3/envs/mgent/lib/python3.10/concurrent/futures/_base.py", line 451, in result
    return self.__get_result()
  File "/root/miniconda3/envs/mgent/lib/python3.10/concurrent/futures/_base.py", line 403, in __get_result
    raise self._exception
  File "/root/miniconda3/envs/mgent/lib/python3.10/concurrent/futures/thread.py", line 58, in run
    result = self.fn(*self.args, **self.kwargs)
  File "/root/MedAgentSim/MedPromptSimulate/src/promptbase/mmlu/experiment.py", line 604, in solve
    reflect_phase(options, problem, output, backend)
  File "/root/MedAgentSim/MedPromptSimulate/src/promptbase/mmlu/experiment.py", line 633, in reflect_phase
    Correct Reasoning: {correct_reasoning[problem['correct_answer']]}
KeyError: None
2026-03-02 03:42:20,051 [MainThread  ] [INFO ]  Doctor [100%]: It appears there was an error in the provided discussion. The conclusion 'Cholecystitis' does not align with any of the discussed diagnoses.

However, based on the presented symptoms (progressive double vision, difficulty climbing stairs, upper limb weakness) and test results, including EMG abnormalities suggesting nerve damage, the most likely diagnosis is:

DIAGNOSIS READY: Multiple Sclerosis (MS).
2026-03-02 03:42:23,884 [MainThread  ] [INFO ]  
Correct answer: Myasthenia gravis
2026-03-02 03:42:23,884 [MainThread  ] [INFO ]  Scene 0, The diagnosis was INCORRECT (0.00%)
2026-03-02 03:42:23,885 [MainThread  ] [INFO ]  Dialogue history saved for scenario 0 at /root/MedAgentSim/output/scenario_0/dialogue_history.json.
2026-03-02 03:42:23,885 [MainThread  ] [INFO ]  Simulation completed.
2026-03-03 09:07:46,641 [MainThread  ] [ERROR]  Error occurred during run_batch_jobs.
Traceback (most recent call last):
  File "/root/MedAgentSim/MedPromptSimulate/src/promptbase/mmlu/utils.py", line 93, in run_batch_jobs
    result = future.result()
  File "/root/miniconda3/envs/mgent/lib/python3.10/concurrent/futures/_base.py", line 451, in result
    return self.__get_result()
  File "/root/miniconda3/envs/mgent/lib/python3.10/concurrent/futures/_base.py", line 403, in __get_result
    raise self._exception
  File "/root/miniconda3/envs/mgent/lib/python3.10/concurrent/futures/thread.py", line 58, in run
    result = self.fn(*self.args, **self.kwargs)
  File "/root/MedAgentSim/MedPromptSimulate/src/promptbase/mmlu/experiment.py", line 604, in solve
    reflect_phase(options, problem, output, backend)
  File "/root/MedAgentSim/MedPromptSimulate/src/promptbase/mmlu/experiment.py", line 633, in reflect_phase
    Correct Reasoning: {correct_reasoning[problem['correct_answer']]}
KeyError: None
2026-03-03 09:10:37,347 [MainThread  ] [ERROR]  Error occurred during run_batch_jobs.
Traceback (most recent call last):
  File "/root/MedAgentSim/MedPromptSimulate/src/promptbase/mmlu/utils.py", line 93, in run_batch_jobs
    result = future.result()
  File "/root/miniconda3/envs/mgent/lib/python3.10/concurrent/futures/_base.py", line 451, in result
    return self.__get_result()
  File "/root/miniconda3/envs/mgent/lib/python3.10/concurrent/futures/_base.py", line 403, in __get_result
    raise self._exception
  File "/root/miniconda3/envs/mgent/lib/python3.10/concurrent/futures/thread.py", line 58, in run
    result = self.fn(*self.args, **self.kwargs)
  File "/root/MedAgentSim/MedPromptSimulate/src/promptbase/mmlu/experiment.py", line 604, in solve
    reflect_phase(options, problem, output, backend)
  File "/root/MedAgentSim/MedPromptSimulate/src/promptbase/mmlu/experiment.py", line 633, in reflect_phase
    Correct Reasoning: {correct_reasoning[problem['correct_answer']]}
KeyError: None
2026-03-03 09:11:37,190 [MainThread  ] [ERROR]  Error occurred during run_batch_jobs.
Traceback (most recent call last):
  File "/root/MedAgentSim/MedPromptSimulate/src/promptbase/mmlu/utils.py", line 93, in run_batch_jobs
    result = future.result()
  File "/root/miniconda3/envs/mgent/lib/python3.10/concurrent/futures/_base.py", line 451, in result
    return self.__get_result()
  File "/root/miniconda3/envs/mgent/lib/python3.10/concurrent/futures/_base.py", line 403, in __get_result
    raise self._exception
  File "/root/miniconda3/envs/mgent/lib/python3.10/concurrent/futures/thread.py", line 58, in run
    result = self.fn(*self.args, **self.kwargs)
  File "/root/MedAgentSim/MedPromptSimulate/src/promptbase/mmlu/experiment.py", line 604, in solve
    reflect_phase(options, problem, output, backend)
  File "/root/MedAgentSim/MedPromptSimulate/src/promptbase/mmlu/experiment.py", line 633, in reflect_phase
    Correct Reasoning: {correct_reasoning[problem['correct_answer']]}
KeyError: None
2026-03-03 09:12:52,211 [MainThread  ] [ERROR]  Error occurred during run_batch_jobs.
Traceback (most recent call last):
  File "/root/MedAgentSim/MedPromptSimulate/src/promptbase/mmlu/utils.py", line 93, in run_batch_jobs
    result = future.result()
  File "/root/miniconda3/envs/mgent/lib/python3.10/concurrent/futures/_base.py", line 451, in result
    return self.__get_result()
  File "/root/miniconda3/envs/mgent/lib/python3.10/concurrent/futures/_base.py", line 403, in __get_result
    raise self._exception
  File "/root/miniconda3/envs/mgent/lib/python3.10/concurrent/futures/thread.py", line 58, in run
    result = self.fn(*self.args, **self.kwargs)
  File "/root/MedAgentSim/MedPromptSimulate/src/promptbase/mmlu/experiment.py", line 604, in solve
    reflect_phase(options, problem, output, backend)
  File "/root/MedAgentSim/MedPromptSimulate/src/promptbase/mmlu/experiment.py", line 633, in reflect_phase
    Correct Reasoning: {correct_reasoning[problem['correct_answer']]}
KeyError: None
2026-03-03 09:14:16,044 [MainThread  ] [ERROR]  Error occurred during run_batch_jobs.
Traceback (most recent call last):
  File "/root/MedAgentSim/MedPromptSimulate/src/promptbase/mmlu/utils.py", line 93, in run_batch_jobs
    result = future.result()
  File "/root/miniconda3/envs/mgent/lib/python3.10/concurrent/futures/_base.py", line 451, in result
    return self.__get_result()
  File "/root/miniconda3/envs/mgent/lib/python3.10/concurrent/futures/_base.py", line 403, in __get_result
    raise self._exception
  File "/root/miniconda3/envs/mgent/lib/python3.10/concurrent/futures/thread.py", line 58, in run
    result = self.fn(*self.args, **self.kwargs)
  File "/root/MedAgentSim/MedPromptSimulate/src/promptbase/mmlu/experiment.py", line 604, in solve
    reflect_phase(options, problem, output, backend)
  File "/root/MedAgentSim/MedPromptSimulate/src/promptbase/mmlu/experiment.py", line 633, in reflect_phase
    Correct Reasoning: {correct_reasoning[problem['correct_answer']]}
KeyError: None
2026-03-03 09:15:15,361 [MainThread  ] [ERROR]  Error occurred during run_batch_jobs.
Traceback (most recent call last):
  File "/root/MedAgentSim/MedPromptSimulate/src/promptbase/mmlu/utils.py", line 93, in run_batch_jobs
    result = future.result()
  File "/root/miniconda3/envs/mgent/lib/python3.10/concurrent/futures/_base.py", line 451, in result
    return self.__get_result()
  File "/root/miniconda3/envs/mgent/lib/python3.10/concurrent/futures/_base.py", line 403, in __get_result
    raise self._exception
  File "/root/miniconda3/envs/mgent/lib/python3.10/concurrent/futures/thread.py", line 58, in run
    result = self.fn(*self.args, **self.kwargs)
  File "/root/MedAgentSim/MedPromptSimulate/src/promptbase/mmlu/experiment.py", line 604, in solve
    reflect_phase(options, problem, output, backend)
  File "/root/MedAgentSim/MedPromptSimulate/src/promptbase/mmlu/experiment.py", line 633, in reflect_phase
    Correct Reasoning: {correct_reasoning[problem['correct_answer']]}
KeyError: None
2026-03-03 09:15:28,959 [MainThread  ] [ERROR]  Error occurred during run_batch_jobs.
Traceback (most recent call last):
  File "/root/MedAgentSim/MedPromptSimulate/src/promptbase/mmlu/utils.py", line 93, in run_batch_jobs
    result = future.result()
  File "/root/miniconda3/envs/mgent/lib/python3.10/concurrent/futures/_base.py", line 451, in result
    return self.__get_result()
  File "/root/miniconda3/envs/mgent/lib/python3.10/concurrent/futures/_base.py", line 403, in __get_result
    raise self._exception
  File "/root/miniconda3/envs/mgent/lib/python3.10/concurrent/futures/thread.py", line 58, in run
    result = self.fn(*self.args, **self.kwargs)
  File "/root/MedAgentSim/MedPromptSimulate/src/promptbase/mmlu/experiment.py", line 604, in solve
    reflect_phase(options, problem, output, backend)
  File "/root/MedAgentSim/MedPromptSimulate/src/promptbase/mmlu/experiment.py", line 633, in reflect_phase
    Correct Reasoning: {correct_reasoning[problem['correct_answer']]}
KeyError: None
2026-03-03 09:16:14,847 [MainThread  ] [ERROR]  Error occurred during run_batch_jobs.
Traceback (most recent call last):
  File "/root/MedAgentSim/MedPromptSimulate/src/promptbase/mmlu/utils.py", line 93, in run_batch_jobs
    result = future.result()
  File "/root/miniconda3/envs/mgent/lib/python3.10/concurrent/futures/_base.py", line 451, in result
    return self.__get_result()
  File "/root/miniconda3/envs/mgent/lib/python3.10/concurrent/futures/_base.py", line 403, in __get_result
    raise self._exception
  File "/root/miniconda3/envs/mgent/lib/python3.10/concurrent/futures/thread.py", line 58, in run
    result = self.fn(*self.args, **self.kwargs)
  File "/root/MedAgentSim/MedPromptSimulate/src/promptbase/mmlu/experiment.py", line 604, in solve
    reflect_phase(options, problem, output, backend)
  File "/root/MedAgentSim/MedPromptSimulate/src/promptbase/mmlu/experiment.py", line 633, in reflect_phase
    Correct Reasoning: {correct_reasoning[problem['correct_answer']]}
KeyError: None
2026-03-03 09:16:29,060 [MainThread  ] [ERROR]  Error occurred during run_batch_jobs.
Traceback (most recent call last):
  File "/root/MedAgentSim/MedPromptSimulate/src/promptbase/mmlu/utils.py", line 93, in run_batch_jobs
    result = future.result()
  File "/root/miniconda3/envs/mgent/lib/python3.10/concurrent/futures/_base.py", line 451, in result
    return self.__get_result()
  File "/root/miniconda3/envs/mgent/lib/python3.10/concurrent/futures/_base.py", line 403, in __get_result
    raise self._exception
  File "/root/miniconda3/envs/mgent/lib/python3.10/concurrent/futures/thread.py", line 58, in run
    result = self.fn(*self.args, **self.kwargs)
  File "/root/MedAgentSim/MedPromptSimulate/src/promptbase/mmlu/experiment.py", line 604, in solve
    reflect_phase(options, problem, output, backend)
  File "/root/MedAgentSim/MedPromptSimulate/src/promptbase/mmlu/experiment.py", line 633, in reflect_phase
    Correct Reasoning: {correct_reasoning[problem['correct_answer']]}
KeyError: None
2026-03-03 09:17:14,637 [MainThread  ] [ERROR]  Error occurred during run_batch_jobs.
Traceback (most recent call last):
  File "/root/MedAgentSim/MedPromptSimulate/src/promptbase/mmlu/utils.py", line 93, in run_batch_jobs
    result = future.result()
  File "/root/miniconda3/envs/mgent/lib/python3.10/concurrent/futures/_base.py", line 451, in result
    return self.__get_result()
  File "/root/miniconda3/envs/mgent/lib/python3.10/concurrent/futures/_base.py", line 403, in __get_result
    raise self._exception
  File "/root/miniconda3/envs/mgent/lib/python3.10/concurrent/futures/thread.py", line 58, in run
    result = self.fn(*self.args, **self.kwargs)
  File "/root/MedAgentSim/MedPromptSimulate/src/promptbase/mmlu/experiment.py", line 604, in solve
    reflect_phase(options, problem, output, backend)
  File "/root/MedAgentSim/MedPromptSimulate/src/promptbase/mmlu/experiment.py", line 633, in reflect_phase
    Correct Reasoning: {correct_reasoning[problem['correct_answer']]}
KeyError: None
2026-03-03 09:18:13,424 [MainThread  ] [INFO ]  Doctor [100%]: It appears that there is a significant issue with the provided discussion. The final diagnosis mentioned ("Cholecystitis") does not align with any of the discussed diagnoses or symptoms presented by the doctors. Cholecystitis is a liver disease, whereas all the symptoms and diagnostic considerations brought up in the discussion pertain to neurological conditions.

Given this discrepancy, I will re-evaluate the discussion and provide a corrected Final Diagnosis based on the majority vote:

After reviewing the discussion among the doctors, it appears that multiple diagnoses were considered. However, given the information provided and the discussions among the doctors, the most likely diagnosis is an autoimmune disorder affecting the central nervous system. 

Considering this analysis, I would recommend:

DIAGNOSIS READY: Multiple Sclerosis (MS)
2026-03-03 09:18:17,386 [MainThread  ] [INFO ]  
Correct answer: Myasthenia gravis
2026-03-03 09:18:17,386 [MainThread  ] [INFO ]  Scene 0, The diagnosis was INCORRECT (0.00%)
2026-03-03 09:18:17,386 [MainThread  ] [INFO ]  Dialogue history saved for scenario 0 at /root/MedAgentSim/output/scenario_0/dialogue_history.json.
2026-03-03 09:18:17,386 [MainThread  ] [INFO ]  Simulation completed.
2026-03-06 02:13:56,718 [MainThread  ] [ERROR]  Error occurred during run_batch_jobs.
Traceback (most recent call last):
  File "/root/MedAgentSim/MedPromptSimulate/src/promptbase/mmlu/utils.py", line 93, in run_batch_jobs
    result = future.result()
  File "/root/miniconda3/envs/mgent/lib/python3.10/concurrent/futures/_base.py", line 451, in result
    return self.__get_result()
  File "/root/miniconda3/envs/mgent/lib/python3.10/concurrent/futures/_base.py", line 403, in __get_result
    raise self._exception
  File "/root/miniconda3/envs/mgent/lib/python3.10/concurrent/futures/thread.py", line 58, in run
    result = self.fn(*self.args, **self.kwargs)
  File "/root/MedAgentSim/MedPromptSimulate/src/promptbase/mmlu/experiment.py", line 604, in solve
    reflect_phase(options, problem, output, backend)
  File "/root/MedAgentSim/MedPromptSimulate/src/promptbase/mmlu/experiment.py", line 633, in reflect_phase
    Correct Reasoning: {correct_reasoning[problem['correct_answer']]}
KeyError: None
2026-03-06 02:14:05,518 [MainThread  ] [ERROR]  Error occurred during run_batch_jobs.
Traceback (most recent call last):
  File "/root/MedAgentSim/MedPromptSimulate/src/promptbase/mmlu/utils.py", line 93, in run_batch_jobs
    result = future.result()
  File "/root/miniconda3/envs/mgent/lib/python3.10/concurrent/futures/_base.py", line 451, in result
    return self.__get_result()
  File "/root/miniconda3/envs/mgent/lib/python3.10/concurrent/futures/_base.py", line 403, in __get_result
    raise self._exception
  File "/root/miniconda3/envs/mgent/lib/python3.10/concurrent/futures/thread.py", line 58, in run
    result = self.fn(*self.args, **self.kwargs)
  File "/root/MedAgentSim/MedPromptSimulate/src/promptbase/mmlu/experiment.py", line 604, in solve
    reflect_phase(options, problem, output, backend)
  File "/root/MedAgentSim/MedPromptSimulate/src/promptbase/mmlu/experiment.py", line 633, in reflect_phase
    Correct Reasoning: {correct_reasoning[problem['correct_answer']]}
KeyError: None
2026-03-06 02:14:16,452 [MainThread  ] [ERROR]  Error occurred during run_batch_jobs.
Traceback (most recent call last):
  File "/root/MedAgentSim/MedPromptSimulate/src/promptbase/mmlu/utils.py", line 93, in run_batch_jobs
    result = future.result()
  File "/root/miniconda3/envs/mgent/lib/python3.10/concurrent/futures/_base.py", line 451, in result
    return self.__get_result()
  File "/root/miniconda3/envs/mgent/lib/python3.10/concurrent/futures/_base.py", line 403, in __get_result
    raise self._exception
  File "/root/miniconda3/envs/mgent/lib/python3.10/concurrent/futures/thread.py", line 58, in run
    result = self.fn(*self.args, **self.kwargs)
  File "/root/MedAgentSim/MedPromptSimulate/src/promptbase/mmlu/experiment.py", line 604, in solve
    reflect_phase(options, problem, output, backend)
  File "/root/MedAgentSim/MedPromptSimulate/src/promptbase/mmlu/experiment.py", line 633, in reflect_phase
    Correct Reasoning: {correct_reasoning[problem['correct_answer']]}
KeyError: None
2026-03-06 02:14:29,056 [MainThread  ] [ERROR]  Error occurred during run_batch_jobs.
Traceback (most recent call last):
  File "/root/MedAgentSim/MedPromptSimulate/src/promptbase/mmlu/utils.py", line 93, in run_batch_jobs
    result = future.result()
  File "/root/miniconda3/envs/mgent/lib/python3.10/concurrent/futures/_base.py", line 451, in result
    return self.__get_result()
  File "/root/miniconda3/envs/mgent/lib/python3.10/concurrent/futures/_base.py", line 403, in __get_result
    raise self._exception
  File "/root/miniconda3/envs/mgent/lib/python3.10/concurrent/futures/thread.py", line 58, in run
    result = self.fn(*self.args, **self.kwargs)
  File "/root/MedAgentSim/MedPromptSimulate/src/promptbase/mmlu/experiment.py", line 604, in solve
    reflect_phase(options, problem, output, backend)
  File "/root/MedAgentSim/MedPromptSimulate/src/promptbase/mmlu/experiment.py", line 633, in reflect_phase
    Correct Reasoning: {correct_reasoning[problem['correct_answer']]}
KeyError: None
2026-03-06 02:15:13,473 [MainThread  ] [ERROR]  Error occurred during run_batch_jobs.
Traceback (most recent call last):
  File "/root/MedAgentSim/MedPromptSimulate/src/promptbase/mmlu/utils.py", line 93, in run_batch_jobs
    result = future.result()
  File "/root/miniconda3/envs/mgent/lib/python3.10/concurrent/futures/_base.py", line 451, in result
    return self.__get_result()
  File "/root/miniconda3/envs/mgent/lib/python3.10/concurrent/futures/_base.py", line 403, in __get_result
    raise self._exception
  File "/root/miniconda3/envs/mgent/lib/python3.10/concurrent/futures/thread.py", line 58, in run
    result = self.fn(*self.args, **self.kwargs)
  File "/root/MedAgentSim/MedPromptSimulate/src/promptbase/mmlu/experiment.py", line 604, in solve
    reflect_phase(options, problem, output, backend)
  File "/root/MedAgentSim/MedPromptSimulate/src/promptbase/mmlu/experiment.py", line 633, in reflect_phase
    Correct Reasoning: {correct_reasoning[problem['correct_answer']]}
KeyError: None
2026-03-06 02:15:25,290 [MainThread  ] [ERROR]  Error occurred during run_batch_jobs.
Traceback (most recent call last):
  File "/root/MedAgentSim/MedPromptSimulate/src/promptbase/mmlu/utils.py", line 93, in run_batch_jobs
    result = future.result()
  File "/root/miniconda3/envs/mgent/lib/python3.10/concurrent/futures/_base.py", line 451, in result
    return self.__get_result()
  File "/root/miniconda3/envs/mgent/lib/python3.10/concurrent/futures/_base.py", line 403, in __get_result
    raise self._exception
  File "/root/miniconda3/envs/mgent/lib/python3.10/concurrent/futures/thread.py", line 58, in run
    result = self.fn(*self.args, **self.kwargs)
  File "/root/MedAgentSim/MedPromptSimulate/src/promptbase/mmlu/experiment.py", line 604, in solve
    reflect_phase(options, problem, output, backend)
  File "/root/MedAgentSim/MedPromptSimulate/src/promptbase/mmlu/experiment.py", line 633, in reflect_phase
    Correct Reasoning: {correct_reasoning[problem['correct_answer']]}
KeyError: None
2026-03-06 02:15:32,052 [MainThread  ] [ERROR]  Error occurred during run_batch_jobs.
Traceback (most recent call last):
  File "/root/MedAgentSim/MedPromptSimulate/src/promptbase/mmlu/utils.py", line 93, in run_batch_jobs
    result = future.result()
  File "/root/miniconda3/envs/mgent/lib/python3.10/concurrent/futures/_base.py", line 451, in result
    return self.__get_result()
  File "/root/miniconda3/envs/mgent/lib/python3.10/concurrent/futures/_base.py", line 403, in __get_result
    raise self._exception
  File "/root/miniconda3/envs/mgent/lib/python3.10/concurrent/futures/thread.py", line 58, in run
    result = self.fn(*self.args, **self.kwargs)
  File "/root/MedAgentSim/MedPromptSimulate/src/promptbase/mmlu/experiment.py", line 604, in solve
    reflect_phase(options, problem, output, backend)
  File "/root/MedAgentSim/MedPromptSimulate/src/promptbase/mmlu/experiment.py", line 633, in reflect_phase
    Correct Reasoning: {correct_reasoning[problem['correct_answer']]}
KeyError: None
2026-03-06 02:15:39,079 [MainThread  ] [ERROR]  Error occurred during run_batch_jobs.
Traceback (most recent call last):
  File "/root/MedAgentSim/MedPromptSimulate/src/promptbase/mmlu/utils.py", line 93, in run_batch_jobs
    result = future.result()
  File "/root/miniconda3/envs/mgent/lib/python3.10/concurrent/futures/_base.py", line 451, in result
    return self.__get_result()
  File "/root/miniconda3/envs/mgent/lib/python3.10/concurrent/futures/_base.py", line 403, in __get_result
    raise self._exception
  File "/root/miniconda3/envs/mgent/lib/python3.10/concurrent/futures/thread.py", line 58, in run
    result = self.fn(*self.args, **self.kwargs)
  File "/root/MedAgentSim/MedPromptSimulate/src/promptbase/mmlu/experiment.py", line 604, in solve
    reflect_phase(options, problem, output, backend)
  File "/root/MedAgentSim/MedPromptSimulate/src/promptbase/mmlu/experiment.py", line 633, in reflect_phase
    Correct Reasoning: {correct_reasoning[problem['correct_answer']]}
KeyError: None
2026-03-06 02:16:01,254 [MainThread  ] [ERROR]  Error occurred during run_batch_jobs.
Traceback (most recent call last):
  File "/root/MedAgentSim/MedPromptSimulate/src/promptbase/mmlu/utils.py", line 93, in run_batch_jobs
    result = future.result()
  File "/root/miniconda3/envs/mgent/lib/python3.10/concurrent/futures/_base.py", line 451, in result
    return self.__get_result()
  File "/root/miniconda3/envs/mgent/lib/python3.10/concurrent/futures/_base.py", line 403, in __get_result
    raise self._exception
  File "/root/miniconda3/envs/mgent/lib/python3.10/concurrent/futures/thread.py", line 58, in run
    result = self.fn(*self.args, **self.kwargs)
  File "/root/MedAgentSim/MedPromptSimulate/src/promptbase/mmlu/experiment.py", line 604, in solve
    reflect_phase(options, problem, output, backend)
  File "/root/MedAgentSim/MedPromptSimulate/src/promptbase/mmlu/experiment.py", line 633, in reflect_phase
    Correct Reasoning: {correct_reasoning[problem['correct_answer']]}
KeyError: None
2026-03-06 02:16:15,690 [MainThread  ] [INFO ]  Doctor [100%]: Doctor 1: Myasthenia gravis appears to be the most likely diagnosis given the fatigable muscle weakness, ocular diplopia, bulbar involvement (difficulty swallowing and speaking), and the classic pattern of worsening with activity and improvement with rest. This is an autoimmune neuromuscular junction disorder, and the absence of sensory changes supports this.  
Doctor 2: I concur; the symptoms align with ocular or generalized myasthenia gravis, and ruling out other neurological causes is essential.  
Doctor 3: Agreed, the presentation strongly points to myasthenia gravis; confirmatory tests like anti-acetylcholine receptor antibody levels and a Tensilon test should be performed.  
Doctor 4: I support the diagnosis of myasthenia gravis, especially given the bulbar symptoms and lack of paraneoplastic features that would suggest Lambert-Eaton syndrome.  
Doctor 5: Myasthenia gravis is the
2026-03-06 02:16:20,079 [MainThread  ] [INFO ]  
Correct answer: Myasthenia gravis
2026-03-06 02:16:20,080 [MainThread  ] [INFO ]  Scene 0, The diagnosis was CORRECT (100.00%)
2026-03-06 02:16:20,080 [MainThread  ] [INFO ]  Dialogue history saved for scenario 0 at /root/MedAgentSim/output/scenario_0/dialogue_history.json.
2026-03-06 02:16:20,081 [MainThread  ] [INFO ]  Simulation completed.
2026-03-10 03:54:24,951 [MainThread  ] [ERROR]  Error occurred during run_batch_jobs.
Traceback (most recent call last):
  File "/root/MedAgentSim/MedPromptSimulate/src/promptbase/mmlu/utils.py", line 93, in run_batch_jobs
    result = future.result()
  File "/root/miniconda3/envs/mgent/lib/python3.10/concurrent/futures/_base.py", line 451, in result
    return self.__get_result()
  File "/root/miniconda3/envs/mgent/lib/python3.10/concurrent/futures/_base.py", line 403, in __get_result
    raise self._exception
  File "/root/miniconda3/envs/mgent/lib/python3.10/concurrent/futures/thread.py", line 58, in run
    result = self.fn(*self.args, **self.kwargs)
  File "/root/MedAgentSim/MedPromptSimulate/src/promptbase/mmlu/experiment.py", line 604, in solve
    reflect_phase(options, problem, output, backend)
  File "/root/MedAgentSim/MedPromptSimulate/src/promptbase/mmlu/experiment.py", line 633, in reflect_phase
    Correct Reasoning: {correct_reasoning[problem['correct_answer']]}
KeyError: None
2026-03-10 03:54:42,776 [MainThread  ] [ERROR]  Error occurred during run_batch_jobs.
Traceback (most recent call last):
  File "/root/MedAgentSim/MedPromptSimulate/src/promptbase/mmlu/utils.py", line 93, in run_batch_jobs
    result = future.result()
  File "/root/miniconda3/envs/mgent/lib/python3.10/concurrent/futures/_base.py", line 451, in result
    return self.__get_result()
  File "/root/miniconda3/envs/mgent/lib/python3.10/concurrent/futures/_base.py", line 403, in __get_result
    raise self._exception
  File "/root/miniconda3/envs/mgent/lib/python3.10/concurrent/futures/thread.py", line 58, in run
    result = self.fn(*self.args, **self.kwargs)
  File "/root/MedAgentSim/MedPromptSimulate/src/promptbase/mmlu/experiment.py", line 604, in solve
    reflect_phase(options, problem, output, backend)
  File "/root/MedAgentSim/MedPromptSimulate/src/promptbase/mmlu/experiment.py", line 633, in reflect_phase
    Correct Reasoning: {correct_reasoning[problem['correct_answer']]}
KeyError: None
2026-03-10 03:54:50,432 [MainThread  ] [ERROR]  Error occurred during run_batch_jobs.
Traceback (most recent call last):
  File "/root/MedAgentSim/MedPromptSimulate/src/promptbase/mmlu/utils.py", line 93, in run_batch_jobs
    result = future.result()
  File "/root/miniconda3/envs/mgent/lib/python3.10/concurrent/futures/_base.py", line 451, in result
    return self.__get_result()
  File "/root/miniconda3/envs/mgent/lib/python3.10/concurrent/futures/_base.py", line 403, in __get_result
    raise self._exception
  File "/root/miniconda3/envs/mgent/lib/python3.10/concurrent/futures/thread.py", line 58, in run
    result = self.fn(*self.args, **self.kwargs)
  File "/root/MedAgentSim/MedPromptSimulate/src/promptbase/mmlu/experiment.py", line 604, in solve
    reflect_phase(options, problem, output, backend)
  File "/root/MedAgentSim/MedPromptSimulate/src/promptbase/mmlu/experiment.py", line 633, in reflect_phase
    Correct Reasoning: {correct_reasoning[problem['correct_answer']]}
KeyError: None
2026-03-10 03:55:05,717 [MainThread  ] [ERROR]  Error occurred during run_batch_jobs.
Traceback (most recent call last):
  File "/root/MedAgentSim/MedPromptSimulate/src/promptbase/mmlu/utils.py", line 93, in run_batch_jobs
    result = future.result()
  File "/root/miniconda3/envs/mgent/lib/python3.10/concurrent/futures/_base.py", line 451, in result
    return self.__get_result()
  File "/root/miniconda3/envs/mgent/lib/python3.10/concurrent/futures/_base.py", line 403, in __get_result
    raise self._exception
  File "/root/miniconda3/envs/mgent/lib/python3.10/concurrent/futures/thread.py", line 58, in run
    result = self.fn(*self.args, **self.kwargs)
  File "/root/MedAgentSim/MedPromptSimulate/src/promptbase/mmlu/experiment.py", line 604, in solve
    reflect_phase(options, problem, output, backend)
  File "/root/MedAgentSim/MedPromptSimulate/src/promptbase/mmlu/experiment.py", line 633, in reflect_phase
    Correct Reasoning: {correct_reasoning[problem['correct_answer']]}
KeyError: None
2026-03-10 03:55:24,410 [MainThread  ] [ERROR]  Error occurred during run_batch_jobs.
Traceback (most recent call last):
  File "/root/MedAgentSim/MedPromptSimulate/src/promptbase/mmlu/utils.py", line 93, in run_batch_jobs
    result = future.result()
  File "/root/miniconda3/envs/mgent/lib/python3.10/concurrent/futures/_base.py", line 451, in result
    return self.__get_result()
  File "/root/miniconda3/envs/mgent/lib/python3.10/concurrent/futures/_base.py", line 403, in __get_result
    raise self._exception
  File "/root/miniconda3/envs/mgent/lib/python3.10/concurrent/futures/thread.py", line 58, in run
    result = self.fn(*self.args, **self.kwargs)
  File "/root/MedAgentSim/MedPromptSimulate/src/promptbase/mmlu/experiment.py", line 604, in solve
    reflect_phase(options, problem, output, backend)
  File "/root/MedAgentSim/MedPromptSimulate/src/promptbase/mmlu/experiment.py", line 633, in reflect_phase
    Correct Reasoning: {correct_reasoning[problem['correct_answer']]}
KeyError: None
2026-03-10 03:55:32,085 [MainThread  ] [ERROR]  Error occurred during run_batch_jobs.
Traceback (most recent call last):
  File "/root/MedAgentSim/MedPromptSimulate/src/promptbase/mmlu/utils.py", line 93, in run_batch_jobs
    result = future.result()
  File "/root/miniconda3/envs/mgent/lib/python3.10/concurrent/futures/_base.py", line 451, in result
    return self.__get_result()
  File "/root/miniconda3/envs/mgent/lib/python3.10/concurrent/futures/_base.py", line 403, in __get_result
    raise self._exception
  File "/root/miniconda3/envs/mgent/lib/python3.10/concurrent/futures/thread.py", line 58, in run
    result = self.fn(*self.args, **self.kwargs)
  File "/root/MedAgentSim/MedPromptSimulate/src/promptbase/mmlu/experiment.py", line 604, in solve
    reflect_phase(options, problem, output, backend)
  File "/root/MedAgentSim/MedPromptSimulate/src/promptbase/mmlu/experiment.py", line 633, in reflect_phase
    Correct Reasoning: {correct_reasoning[problem['correct_answer']]}
KeyError: None
2026-03-10 03:55:42,849 [MainThread  ] [ERROR]  Error occurred during run_batch_jobs.
Traceback (most recent call last):
  File "/root/MedAgentSim/MedPromptSimulate/src/promptbase/mmlu/utils.py", line 93, in run_batch_jobs
    result = future.result()
  File "/root/miniconda3/envs/mgent/lib/python3.10/concurrent/futures/_base.py", line 451, in result
    return self.__get_result()
  File "/root/miniconda3/envs/mgent/lib/python3.10/concurrent/futures/_base.py", line 403, in __get_result
    raise self._exception
  File "/root/miniconda3/envs/mgent/lib/python3.10/concurrent/futures/thread.py", line 58, in run
    result = self.fn(*self.args, **self.kwargs)
  File "/root/MedAgentSim/MedPromptSimulate/src/promptbase/mmlu/experiment.py", line 604, in solve
    reflect_phase(options, problem, output, backend)
  File "/root/MedAgentSim/MedPromptSimulate/src/promptbase/mmlu/experiment.py", line 633, in reflect_phase
    Correct Reasoning: {correct_reasoning[problem['correct_answer']]}
KeyError: None
2026-03-10 03:55:47,245 [MainThread  ] [ERROR]  Error occurred during run_batch_jobs.
Traceback (most recent call last):
  File "/root/MedAgentSim/MedPromptSimulate/src/promptbase/mmlu/utils.py", line 93, in run_batch_jobs
    result = future.result()
  File "/root/miniconda3/envs/mgent/lib/python3.10/concurrent/futures/_base.py", line 451, in result
    return self.__get_result()
  File "/root/miniconda3/envs/mgent/lib/python3.10/concurrent/futures/_base.py", line 403, in __get_result
    raise self._exception
  File "/root/miniconda3/envs/mgent/lib/python3.10/concurrent/futures/thread.py", line 58, in run
    result = self.fn(*self.args, **self.kwargs)
  File "/root/MedAgentSim/MedPromptSimulate/src/promptbase/mmlu/experiment.py", line 604, in solve
    reflect_phase(options, problem, output, backend)
  File "/root/MedAgentSim/MedPromptSimulate/src/promptbase/mmlu/experiment.py", line 633, in reflect_phase
    Correct Reasoning: {correct_reasoning[problem['correct_answer']]}
KeyError: None
2026-03-10 03:55:56,348 [MainThread  ] [ERROR]  Error occurred during run_batch_jobs.
Traceback (most recent call last):
  File "/root/MedAgentSim/MedPromptSimulate/src/promptbase/mmlu/utils.py", line 93, in run_batch_jobs
    result = future.result()
  File "/root/miniconda3/envs/mgent/lib/python3.10/concurrent/futures/_base.py", line 451, in result
    return self.__get_result()
  File "/root/miniconda3/envs/mgent/lib/python3.10/concurrent/futures/_base.py", line 403, in __get_result
    raise self._exception
  File "/root/miniconda3/envs/mgent/lib/python3.10/concurrent/futures/thread.py", line 58, in run
    result = self.fn(*self.args, **self.kwargs)
  File "/root/MedAgentSim/MedPromptSimulate/src/promptbase/mmlu/experiment.py", line 604, in solve
    reflect_phase(options, problem, output, backend)
  File "/root/MedAgentSim/MedPromptSimulate/src/promptbase/mmlu/experiment.py", line 633, in reflect_phase
    Correct Reasoning: {correct_reasoning[problem['correct_answer']]}
KeyError: None
2026-03-10 03:56:02,777 [MainThread  ] [ERROR]  Error occurred during run_batch_jobs.
Traceback (most recent call last):
  File "/root/MedAgentSim/MedPromptSimulate/src/promptbase/mmlu/utils.py", line 93, in run_batch_jobs
    result = future.result()
  File "/root/miniconda3/envs/mgent/lib/python3.10/concurrent/futures/_base.py", line 451, in result
    return self.__get_result()
  File "/root/miniconda3/envs/mgent/lib/python3.10/concurrent/futures/_base.py", line 403, in __get_result
    raise self._exception
  File "/root/miniconda3/envs/mgent/lib/python3.10/concurrent/futures/thread.py", line 58, in run
    result = self.fn(*self.args, **self.kwargs)
  File "/root/MedAgentSim/MedPromptSimulate/src/promptbase/mmlu/experiment.py", line 604, in solve
    reflect_phase(options, problem, output, backend)
  File "/root/MedAgentSim/MedPromptSimulate/src/promptbase/mmlu/experiment.py", line 633, in reflect_phase
    Correct Reasoning: {correct_reasoning[problem['correct_answer']]}
KeyError: None
2026-03-10 03:56:07,301 [MainThread  ] [INFO ]  Doctor [100%]: DIAGNOSIS READY: Myasthenia Gravis
2026-03-10 03:56:10,345 [MainThread  ] [INFO ]  
Correct answer: Myasthenia gravis
2026-03-10 03:56:10,346 [MainThread  ] [INFO ]  Scene 0, The diagnosis was CORRECT (100.00%)
2026-03-10 03:56:10,347 [MainThread  ] [INFO ]  Dialogue history saved for scenario 0 at /root/MedAgentSim/output/scenario_0/dialogue_history.json.
2026-03-10 03:56:10,347 [MainThread  ] [INFO ]  Simulation completed.
2026-03-18 03:53:40,052 [MainThread  ] [ERROR]  Error occurred during run_batch_jobs.
Traceback (most recent call last):
  File "/root/MedAgentSim/MedPromptSimulate/src/promptbase/mmlu/utils.py", line 93, in run_batch_jobs
    result = future.result()
  File "/root/miniconda3/envs/mgent/lib/python3.10/concurrent/futures/_base.py", line 451, in result
    return self.__get_result()
  File "/root/miniconda3/envs/mgent/lib/python3.10/concurrent/futures/_base.py", line 403, in __get_result
    raise self._exception
  File "/root/miniconda3/envs/mgent/lib/python3.10/concurrent/futures/thread.py", line 58, in run
    result = self.fn(*self.args, **self.kwargs)
  File "/root/MedAgentSim/MedPromptSimulate/src/promptbase/mmlu/experiment.py", line 604, in solve
    reflect_phase(options, problem, output, backend)
  File "/root/MedAgentSim/MedPromptSimulate/src/promptbase/mmlu/experiment.py", line 633, in reflect_phase
    Correct Reasoning: {correct_reasoning[problem['correct_answer']]}
KeyError: None
2026-03-18 03:54:14,863 [MainThread  ] [ERROR]  Error occurred during run_batch_jobs.
Traceback (most recent call last):
  File "/root/MedAgentSim/MedPromptSimulate/src/promptbase/mmlu/utils.py", line 93, in run_batch_jobs
    result = future.result()
  File "/root/miniconda3/envs/mgent/lib/python3.10/concurrent/futures/_base.py", line 451, in result
    return self.__get_result()
  File "/root/miniconda3/envs/mgent/lib/python3.10/concurrent/futures/_base.py", line 403, in __get_result
    raise self._exception
  File "/root/miniconda3/envs/mgent/lib/python3.10/concurrent/futures/thread.py", line 58, in run
    result = self.fn(*self.args, **self.kwargs)
  File "/root/MedAgentSim/MedPromptSimulate/src/promptbase/mmlu/experiment.py", line 604, in solve
    reflect_phase(options, problem, output, backend)
  File "/root/MedAgentSim/MedPromptSimulate/src/promptbase/mmlu/experiment.py", line 633, in reflect_phase
    Correct Reasoning: {correct_reasoning[problem['correct_answer']]}
KeyError: None
2026-03-18 03:54:29,657 [MainThread  ] [ERROR]  Error occurred during run_batch_jobs.
Traceback (most recent call last):
  File "/root/MedAgentSim/MedPromptSimulate/src/promptbase/mmlu/utils.py", line 93, in run_batch_jobs
    result = future.result()
  File "/root/miniconda3/envs/mgent/lib/python3.10/concurrent/futures/_base.py", line 451, in result
    return self.__get_result()
  File "/root/miniconda3/envs/mgent/lib/python3.10/concurrent/futures/_base.py", line 403, in __get_result
    raise self._exception
  File "/root/miniconda3/envs/mgent/lib/python3.10/concurrent/futures/thread.py", line 58, in run
    result = self.fn(*self.args, **self.kwargs)
  File "/root/MedAgentSim/MedPromptSimulate/src/promptbase/mmlu/experiment.py", line 604, in solve
    reflect_phase(options, problem, output, backend)
  File "/root/MedAgentSim/MedPromptSimulate/src/promptbase/mmlu/experiment.py", line 633, in reflect_phase
    Correct Reasoning: {correct_reasoning[problem['correct_answer']]}
KeyError: None
2026-03-18 03:54:38,920 [MainThread  ] [ERROR]  Error occurred during run_batch_jobs.
Traceback (most recent call last):
  File "/root/MedAgentSim/MedPromptSimulate/src/promptbase/mmlu/utils.py", line 93, in run_batch_jobs
    result = future.result()
  File "/root/miniconda3/envs/mgent/lib/python3.10/concurrent/futures/_base.py", line 451, in result
    return self.__get_result()
  File "/root/miniconda3/envs/mgent/lib/python3.10/concurrent/futures/_base.py", line 403, in __get_result
    raise self._exception
  File "/root/miniconda3/envs/mgent/lib/python3.10/concurrent/futures/thread.py", line 58, in run
    result = self.fn(*self.args, **self.kwargs)
  File "/root/MedAgentSim/MedPromptSimulate/src/promptbase/mmlu/experiment.py", line 604, in solve
    reflect_phase(options, problem, output, backend)
  File "/root/MedAgentSim/MedPromptSimulate/src/promptbase/mmlu/experiment.py", line 633, in reflect_phase
    Correct Reasoning: {correct_reasoning[problem['correct_answer']]}
KeyError: None
2026-03-18 03:54:48,479 [MainThread  ] [ERROR]  Error occurred during run_batch_jobs.
Traceback (most recent call last):
  File "/root/MedAgentSim/MedPromptSimulate/src/promptbase/mmlu/utils.py", line 93, in run_batch_jobs
    result = future.result()
  File "/root/miniconda3/envs/mgent/lib/python3.10/concurrent/futures/_base.py", line 451, in result
    return self.__get_result()
  File "/root/miniconda3/envs/mgent/lib/python3.10/concurrent/futures/_base.py", line 403, in __get_result
    raise self._exception
  File "/root/miniconda3/envs/mgent/lib/python3.10/concurrent/futures/thread.py", line 58, in run
    result = self.fn(*self.args, **self.kwargs)
  File "/root/MedAgentSim/MedPromptSimulate/src/promptbase/mmlu/experiment.py", line 604, in solve
    reflect_phase(options, problem, output, backend)
  File "/root/MedAgentSim/MedPromptSimulate/src/promptbase/mmlu/experiment.py", line 633, in reflect_phase
    Correct Reasoning: {correct_reasoning[problem['correct_answer']]}
KeyError: None
2026-03-18 03:55:04,063 [MainThread  ] [ERROR]  Error occurred during run_batch_jobs.
Traceback (most recent call last):
  File "/root/MedAgentSim/MedPromptSimulate/src/promptbase/mmlu/utils.py", line 93, in run_batch_jobs
    result = future.result()
  File "/root/miniconda3/envs/mgent/lib/python3.10/concurrent/futures/_base.py", line 451, in result
    return self.__get_result()
  File "/root/miniconda3/envs/mgent/lib/python3.10/concurrent/futures/_base.py", line 403, in __get_result
    raise self._exception
  File "/root/miniconda3/envs/mgent/lib/python3.10/concurrent/futures/thread.py", line 58, in run
    result = self.fn(*self.args, **self.kwargs)
  File "/root/MedAgentSim/MedPromptSimulate/src/promptbase/mmlu/experiment.py", line 604, in solve
    reflect_phase(options, problem, output, backend)
  File "/root/MedAgentSim/MedPromptSimulate/src/promptbase/mmlu/experiment.py", line 633, in reflect_phase
    Correct Reasoning: {correct_reasoning[problem['correct_answer']]}
KeyError: None
2026-03-18 03:55:11,386 [MainThread  ] [ERROR]  Error occurred during run_batch_jobs.
Traceback (most recent call last):
  File "/root/MedAgentSim/MedPromptSimulate/src/promptbase/mmlu/utils.py", line 93, in run_batch_jobs
    result = future.result()
  File "/root/miniconda3/envs/mgent/lib/python3.10/concurrent/futures/_base.py", line 451, in result
    return self.__get_result()
  File "/root/miniconda3/envs/mgent/lib/python3.10/concurrent/futures/_base.py", line 403, in __get_result
    raise self._exception
  File "/root/miniconda3/envs/mgent/lib/python3.10/concurrent/futures/thread.py", line 58, in run
    result = self.fn(*self.args, **self.kwargs)
  File "/root/MedAgentSim/MedPromptSimulate/src/promptbase/mmlu/experiment.py", line 604, in solve
    reflect_phase(options, problem, output, backend)
  File "/root/MedAgentSim/MedPromptSimulate/src/promptbase/mmlu/experiment.py", line 633, in reflect_phase
    Correct Reasoning: {correct_reasoning[problem['correct_answer']]}
KeyError: None
2026-03-18 03:56:01,180 [MainThread  ] [ERROR]  Error occurred during run_batch_jobs.
Traceback (most recent call last):
  File "/root/MedAgentSim/MedPromptSimulate/src/promptbase/mmlu/utils.py", line 93, in run_batch_jobs
    result = future.result()
  File "/root/miniconda3/envs/mgent/lib/python3.10/concurrent/futures/_base.py", line 451, in result
    return self.__get_result()
  File "/root/miniconda3/envs/mgent/lib/python3.10/concurrent/futures/_base.py", line 403, in __get_result
    raise self._exception
  File "/root/miniconda3/envs/mgent/lib/python3.10/concurrent/futures/thread.py", line 58, in run
    result = self.fn(*self.args, **self.kwargs)
  File "/root/MedAgentSim/MedPromptSimulate/src/promptbase/mmlu/experiment.py", line 604, in solve
    reflect_phase(options, problem, output, backend)
  File "/root/MedAgentSim/MedPromptSimulate/src/promptbase/mmlu/experiment.py", line 633, in reflect_phase
    Correct Reasoning: {correct_reasoning[problem['correct_answer']]}
KeyError: None
2026-03-18 03:56:09,936 [MainThread  ] [INFO ]  Doctor [100%]: DIAGNOSIS READY: Acute Pyelonephritis
2026-03-18 03:56:14,186 [MainThread  ] [INFO ]  
Correct answer: Acute interstitial nephritis
2026-03-18 03:56:14,187 [MainThread  ] [INFO ]  Scene 4, The diagnosis was INCORRECT (0.00%)
2026-03-18 03:56:14,188 [MainThread  ] [INFO ]  Dialogue history saved for scenario 4 at /root/MedAgentSim/output/scenario_4/dialogue_history.json.
2026-03-18 03:56:14,188 [MainThread  ] [INFO ]  Simulation completed.
2026-03-19 04:53:08,175 [MainThread  ] [ERROR]  Error occurred during run_batch_jobs.
Traceback (most recent call last):
  File "/root/MedAgentSim/MedPromptSimulate/src/promptbase/mmlu/utils.py", line 93, in run_batch_jobs
    result = future.result()
  File "/root/miniconda3/envs/mgent/lib/python3.10/concurrent/futures/_base.py", line 451, in result
    return self.__get_result()
  File "/root/miniconda3/envs/mgent/lib/python3.10/concurrent/futures/_base.py", line 403, in __get_result
    raise self._exception
  File "/root/miniconda3/envs/mgent/lib/python3.10/concurrent/futures/thread.py", line 58, in run
    result = self.fn(*self.args, **self.kwargs)
  File "/root/MedAgentSim/MedPromptSimulate/src/promptbase/mmlu/experiment.py", line 604, in solve
    reflect_phase(options, problem, output, backend)
  File "/root/MedAgentSim/MedPromptSimulate/src/promptbase/mmlu/experiment.py", line 633, in reflect_phase
    Correct Reasoning: {correct_reasoning[problem['correct_answer']]}
KeyError: None
2026-03-19 04:53:14,388 [MainThread  ] [ERROR]  Error occurred during run_batch_jobs.
Traceback (most recent call last):
  File "/root/MedAgentSim/MedPromptSimulate/src/promptbase/mmlu/utils.py", line 93, in run_batch_jobs
    result = future.result()
  File "/root/miniconda3/envs/mgent/lib/python3.10/concurrent/futures/_base.py", line 451, in result
    return self.__get_result()
  File "/root/miniconda3/envs/mgent/lib/python3.10/concurrent/futures/_base.py", line 403, in __get_result
    raise self._exception
  File "/root/miniconda3/envs/mgent/lib/python3.10/concurrent/futures/thread.py", line 58, in run
    result = self.fn(*self.args, **self.kwargs)
  File "/root/MedAgentSim/MedPromptSimulate/src/promptbase/mmlu/experiment.py", line 604, in solve
    reflect_phase(options, problem, output, backend)
  File "/root/MedAgentSim/MedPromptSimulate/src/promptbase/mmlu/experiment.py", line 633, in reflect_phase
    Correct Reasoning: {correct_reasoning[problem['correct_answer']]}
KeyError: None
2026-03-19 04:53:27,920 [MainThread  ] [ERROR]  Error occurred during run_batch_jobs.
Traceback (most recent call last):
  File "/root/MedAgentSim/MedPromptSimulate/src/promptbase/mmlu/utils.py", line 93, in run_batch_jobs
    result = future.result()
  File "/root/miniconda3/envs/mgent/lib/python3.10/concurrent/futures/_base.py", line 451, in result
    return self.__get_result()
  File "/root/miniconda3/envs/mgent/lib/python3.10/concurrent/futures/_base.py", line 403, in __get_result
    raise self._exception
  File "/root/miniconda3/envs/mgent/lib/python3.10/concurrent/futures/thread.py", line 58, in run
    result = self.fn(*self.args, **self.kwargs)
  File "/root/MedAgentSim/MedPromptSimulate/src/promptbase/mmlu/experiment.py", line 604, in solve
    reflect_phase(options, problem, output, backend)
  File "/root/MedAgentSim/MedPromptSimulate/src/promptbase/mmlu/experiment.py", line 633, in reflect_phase
    Correct Reasoning: {correct_reasoning[problem['correct_answer']]}
KeyError: None
2026-03-19 04:53:32,433 [MainThread  ] [ERROR]  Error occurred during run_batch_jobs.
Traceback (most recent call last):
  File "/root/MedAgentSim/MedPromptSimulate/src/promptbase/mmlu/utils.py", line 93, in run_batch_jobs
    result = future.result()
  File "/root/miniconda3/envs/mgent/lib/python3.10/concurrent/futures/_base.py", line 451, in result
    return self.__get_result()
  File "/root/miniconda3/envs/mgent/lib/python3.10/concurrent/futures/_base.py", line 403, in __get_result
    raise self._exception
  File "/root/miniconda3/envs/mgent/lib/python3.10/concurrent/futures/thread.py", line 58, in run
    result = self.fn(*self.args, **self.kwargs)
  File "/root/MedAgentSim/MedPromptSimulate/src/promptbase/mmlu/experiment.py", line 604, in solve
    reflect_phase(options, problem, output, backend)
  File "/root/MedAgentSim/MedPromptSimulate/src/promptbase/mmlu/experiment.py", line 633, in reflect_phase
    Correct Reasoning: {correct_reasoning[problem['correct_answer']]}
KeyError: None
2026-03-19 04:53:36,749 [MainThread  ] [ERROR]  Error occurred during run_batch_jobs.
Traceback (most recent call last):
  File "/root/MedAgentSim/MedPromptSimulate/src/promptbase/mmlu/utils.py", line 93, in run_batch_jobs
    result = future.result()
  File "/root/miniconda3/envs/mgent/lib/python3.10/concurrent/futures/_base.py", line 451, in result
    return self.__get_result()
  File "/root/miniconda3/envs/mgent/lib/python3.10/concurrent/futures/_base.py", line 403, in __get_result
    raise self._exception
  File "/root/miniconda3/envs/mgent/lib/python3.10/concurrent/futures/thread.py", line 58, in run
    result = self.fn(*self.args, **self.kwargs)
  File "/root/MedAgentSim/MedPromptSimulate/src/promptbase/mmlu/experiment.py", line 604, in solve
    reflect_phase(options, problem, output, backend)
  File "/root/MedAgentSim/MedPromptSimulate/src/promptbase/mmlu/experiment.py", line 633, in reflect_phase
    Correct Reasoning: {correct_reasoning[problem['correct_answer']]}
KeyError: None
2026-03-19 04:53:41,106 [MainThread  ] [ERROR]  Error occurred during run_batch_jobs.
Traceback (most recent call last):
  File "/root/MedAgentSim/MedPromptSimulate/src/promptbase/mmlu/utils.py", line 93, in run_batch_jobs
    result = future.result()
  File "/root/miniconda3/envs/mgent/lib/python3.10/concurrent/futures/_base.py", line 451, in result
    return self.__get_result()
  File "/root/miniconda3/envs/mgent/lib/python3.10/concurrent/futures/_base.py", line 403, in __get_result
    raise self._exception
  File "/root/miniconda3/envs/mgent/lib/python3.10/concurrent/futures/thread.py", line 58, in run
    result = self.fn(*self.args, **self.kwargs)
  File "/root/MedAgentSim/MedPromptSimulate/src/promptbase/mmlu/experiment.py", line 604, in solve
    reflect_phase(options, problem, output, backend)
  File "/root/MedAgentSim/MedPromptSimulate/src/promptbase/mmlu/experiment.py", line 633, in reflect_phase
    Correct Reasoning: {correct_reasoning[problem['correct_answer']]}
KeyError: None
2026-03-19 04:53:56,155 [MainThread  ] [ERROR]  Error occurred during run_batch_jobs.
Traceback (most recent call last):
  File "/root/MedAgentSim/MedPromptSimulate/src/promptbase/mmlu/utils.py", line 93, in run_batch_jobs
    result = future.result()
  File "/root/miniconda3/envs/mgent/lib/python3.10/concurrent/futures/_base.py", line 451, in result
    return self.__get_result()
  File "/root/miniconda3/envs/mgent/lib/python3.10/concurrent/futures/_base.py", line 403, in __get_result
    raise self._exception
  File "/root/miniconda3/envs/mgent/lib/python3.10/concurrent/futures/thread.py", line 58, in run
    result = self.fn(*self.args, **self.kwargs)
  File "/root/MedAgentSim/MedPromptSimulate/src/promptbase/mmlu/experiment.py", line 604, in solve
    reflect_phase(options, problem, output, backend)
  File "/root/MedAgentSim/MedPromptSimulate/src/promptbase/mmlu/experiment.py", line 633, in reflect_phase
    Correct Reasoning: {correct_reasoning[problem['correct_answer']]}
KeyError: None
2026-03-19 04:54:00,566 [MainThread  ] [ERROR]  Error occurred during run_batch_jobs.
Traceback (most recent call last):
  File "/root/MedAgentSim/MedPromptSimulate/src/promptbase/mmlu/utils.py", line 93, in run_batch_jobs
    result = future.result()
  File "/root/miniconda3/envs/mgent/lib/python3.10/concurrent/futures/_base.py", line 451, in result
    return self.__get_result()
  File "/root/miniconda3/envs/mgent/lib/python3.10/concurrent/futures/_base.py", line 403, in __get_result
    raise self._exception
  File "/root/miniconda3/envs/mgent/lib/python3.10/concurrent/futures/thread.py", line 58, in run
    result = self.fn(*self.args, **self.kwargs)
  File "/root/MedAgentSim/MedPromptSimulate/src/promptbase/mmlu/experiment.py", line 604, in solve
    reflect_phase(options, problem, output, backend)
  File "/root/MedAgentSim/MedPromptSimulate/src/promptbase/mmlu/experiment.py", line 633, in reflect_phase
    Correct Reasoning: {correct_reasoning[problem['correct_answer']]}
KeyError: None
2026-03-19 04:54:03,315 [MainThread  ] [ERROR]  Error occurred during run_batch_jobs.
Traceback (most recent call last):
  File "/root/MedAgentSim/MedPromptSimulate/src/promptbase/mmlu/utils.py", line 93, in run_batch_jobs
    result = future.result()
  File "/root/miniconda3/envs/mgent/lib/python3.10/concurrent/futures/_base.py", line 451, in result
    return self.__get_result()
  File "/root/miniconda3/envs/mgent/lib/python3.10/concurrent/futures/_base.py", line 403, in __get_result
    raise self._exception
  File "/root/miniconda3/envs/mgent/lib/python3.10/concurrent/futures/thread.py", line 58, in run
    result = self.fn(*self.args, **self.kwargs)
  File "/root/MedAgentSim/MedPromptSimulate/src/promptbase/mmlu/experiment.py", line 604, in solve
    reflect_phase(options, problem, output, backend)
  File "/root/MedAgentSim/MedPromptSimulate/src/promptbase/mmlu/experiment.py", line 633, in reflect_phase
    Correct Reasoning: {correct_reasoning[problem['correct_answer']]}
KeyError: None
2026-03-19 04:54:07,797 [MainThread  ] [ERROR]  Error occurred during run_batch_jobs.
Traceback (most recent call last):
  File "/root/MedAgentSim/MedPromptSimulate/src/promptbase/mmlu/utils.py", line 93, in run_batch_jobs
    result = future.result()
  File "/root/miniconda3/envs/mgent/lib/python3.10/concurrent/futures/_base.py", line 451, in result
    return self.__get_result()
  File "/root/miniconda3/envs/mgent/lib/python3.10/concurrent/futures/_base.py", line 403, in __get_result
    raise self._exception
  File "/root/miniconda3/envs/mgent/lib/python3.10/concurrent/futures/thread.py", line 58, in run
    result = self.fn(*self.args, **self.kwargs)
  File "/root/MedAgentSim/MedPromptSimulate/src/promptbase/mmlu/experiment.py", line 604, in solve
    reflect_phase(options, problem, output, backend)
  File "/root/MedAgentSim/MedPromptSimulate/src/promptbase/mmlu/experiment.py", line 633, in reflect_phase
    Correct Reasoning: {correct_reasoning[problem['correct_answer']]}
KeyError: None
2026-03-19 04:54:12,463 [MainThread  ] [INFO ]  Doctor [100%]: DIAGNOSIS READY: Vasovagal syncope (likely triggered by heat or dehydration)
2026-03-19 04:54:15,575 [MainThread  ] [INFO ]  
Correct answer: Situational syncope
2026-03-19 04:54:15,575 [MainThread  ] [INFO ]  Scene 6, The diagnosis was CORRECT (100.00%)
2026-03-19 04:54:15,576 [MainThread  ] [INFO ]  Dialogue history saved for scenario 6 at /root/MedAgentSim/output/scenario_6/dialogue_history.json.
2026-03-19 04:54:15,576 [MainThread  ] [INFO ]  Simulation completed.
2026-03-19 08:10:58,222 [MainThread  ] [ERROR]  Error occurred during run_batch_jobs.
Traceback (most recent call last):
  File "/root/MedAgentSim/MedPromptSimulate/src/promptbase/mmlu/utils.py", line 93, in run_batch_jobs
    result = future.result()
  File "/root/miniconda3/envs/mgent/lib/python3.10/concurrent/futures/_base.py", line 451, in result
    return self.__get_result()
  File "/root/miniconda3/envs/mgent/lib/python3.10/concurrent/futures/_base.py", line 403, in __get_result
    raise self._exception
  File "/root/miniconda3/envs/mgent/lib/python3.10/concurrent/futures/thread.py", line 58, in run
    result = self.fn(*self.args, **self.kwargs)
  File "/root/MedAgentSim/MedPromptSimulate/src/promptbase/mmlu/experiment.py", line 604, in solve
    reflect_phase(options, problem, output, backend)
  File "/root/MedAgentSim/MedPromptSimulate/src/promptbase/mmlu/experiment.py", line 633, in reflect_phase
    Correct Reasoning: {correct_reasoning[problem['correct_answer']]}
KeyError: None
2026-03-19 08:11:11,250 [MainThread  ] [ERROR]  Error occurred during run_batch_jobs.
Traceback (most recent call last):
  File "/root/MedAgentSim/MedPromptSimulate/src/promptbase/mmlu/utils.py", line 93, in run_batch_jobs
    result = future.result()
  File "/root/miniconda3/envs/mgent/lib/python3.10/concurrent/futures/_base.py", line 451, in result
    return self.__get_result()
  File "/root/miniconda3/envs/mgent/lib/python3.10/concurrent/futures/_base.py", line 403, in __get_result
    raise self._exception
  File "/root/miniconda3/envs/mgent/lib/python3.10/concurrent/futures/thread.py", line 58, in run
    result = self.fn(*self.args, **self.kwargs)
  File "/root/MedAgentSim/MedPromptSimulate/src/promptbase/mmlu/experiment.py", line 604, in solve
    reflect_phase(options, problem, output, backend)
  File "/root/MedAgentSim/MedPromptSimulate/src/promptbase/mmlu/experiment.py", line 633, in reflect_phase
    Correct Reasoning: {correct_reasoning[problem['correct_answer']]}
KeyError: None
2026-03-19 08:11:21,651 [MainThread  ] [ERROR]  Error occurred during run_batch_jobs.
Traceback (most recent call last):
  File "/root/MedAgentSim/MedPromptSimulate/src/promptbase/mmlu/utils.py", line 93, in run_batch_jobs
    result = future.result()
  File "/root/miniconda3/envs/mgent/lib/python3.10/concurrent/futures/_base.py", line 451, in result
    return self.__get_result()
  File "/root/miniconda3/envs/mgent/lib/python3.10/concurrent/futures/_base.py", line 403, in __get_result
    raise self._exception
  File "/root/miniconda3/envs/mgent/lib/python3.10/concurrent/futures/thread.py", line 58, in run
    result = self.fn(*self.args, **self.kwargs)
  File "/root/MedAgentSim/MedPromptSimulate/src/promptbase/mmlu/experiment.py", line 604, in solve
    reflect_phase(options, problem, output, backend)
  File "/root/MedAgentSim/MedPromptSimulate/src/promptbase/mmlu/experiment.py", line 633, in reflect_phase
    Correct Reasoning: {correct_reasoning[problem['correct_answer']]}
KeyError: None
2026-03-19 08:11:56,217 [MainThread  ] [ERROR]  Error occurred during run_batch_jobs.
Traceback (most recent call last):
  File "/root/MedAgentSim/MedPromptSimulate/src/promptbase/mmlu/utils.py", line 93, in run_batch_jobs
    result = future.result()
  File "/root/miniconda3/envs/mgent/lib/python3.10/concurrent/futures/_base.py", line 451, in result
    return self.__get_result()
  File "/root/miniconda3/envs/mgent/lib/python3.10/concurrent/futures/_base.py", line 403, in __get_result
    raise self._exception
  File "/root/miniconda3/envs/mgent/lib/python3.10/concurrent/futures/thread.py", line 58, in run
    result = self.fn(*self.args, **self.kwargs)
  File "/root/MedAgentSim/MedPromptSimulate/src/promptbase/mmlu/experiment.py", line 604, in solve
    reflect_phase(options, problem, output, backend)
  File "/root/MedAgentSim/MedPromptSimulate/src/promptbase/mmlu/experiment.py", line 633, in reflect_phase
    Correct Reasoning: {correct_reasoning[problem['correct_answer']]}
KeyError: None
2026-03-19 08:12:08,822 [MainThread  ] [ERROR]  Error occurred during run_batch_jobs.
Traceback (most recent call last):
  File "/root/MedAgentSim/MedPromptSimulate/src/promptbase/mmlu/utils.py", line 93, in run_batch_jobs
    result = future.result()
  File "/root/miniconda3/envs/mgent/lib/python3.10/concurrent/futures/_base.py", line 451, in result
    return self.__get_result()
  File "/root/miniconda3/envs/mgent/lib/python3.10/concurrent/futures/_base.py", line 403, in __get_result
    raise self._exception
  File "/root/miniconda3/envs/mgent/lib/python3.10/concurrent/futures/thread.py", line 58, in run
    result = self.fn(*self.args, **self.kwargs)
  File "/root/MedAgentSim/MedPromptSimulate/src/promptbase/mmlu/experiment.py", line 604, in solve
    reflect_phase(options, problem, output, backend)
  File "/root/MedAgentSim/MedPromptSimulate/src/promptbase/mmlu/experiment.py", line 633, in reflect_phase
    Correct Reasoning: {correct_reasoning[problem['correct_answer']]}
KeyError: None
2026-03-19 08:12:23,553 [MainThread  ] [ERROR]  Error occurred during run_batch_jobs.
Traceback (most recent call last):
  File "/root/MedAgentSim/MedPromptSimulate/src/promptbase/mmlu/utils.py", line 93, in run_batch_jobs
    result = future.result()
  File "/root/miniconda3/envs/mgent/lib/python3.10/concurrent/futures/_base.py", line 451, in result
    return self.__get_result()
  File "/root/miniconda3/envs/mgent/lib/python3.10/concurrent/futures/_base.py", line 403, in __get_result
    raise self._exception
  File "/root/miniconda3/envs/mgent/lib/python3.10/concurrent/futures/thread.py", line 58, in run
    result = self.fn(*self.args, **self.kwargs)
  File "/root/MedAgentSim/MedPromptSimulate/src/promptbase/mmlu/experiment.py", line 604, in solve
    reflect_phase(options, problem, output, backend)
  File "/root/MedAgentSim/MedPromptSimulate/src/promptbase/mmlu/experiment.py", line 633, in reflect_phase
    Correct Reasoning: {correct_reasoning[problem['correct_answer']]}
KeyError: None
2026-03-19 08:12:30,213 [MainThread  ] [ERROR]  Error occurred during run_batch_jobs.
Traceback (most recent call last):
  File "/root/MedAgentSim/MedPromptSimulate/src/promptbase/mmlu/utils.py", line 93, in run_batch_jobs
    result = future.result()
  File "/root/miniconda3/envs/mgent/lib/python3.10/concurrent/futures/_base.py", line 451, in result
    return self.__get_result()
  File "/root/miniconda3/envs/mgent/lib/python3.10/concurrent/futures/_base.py", line 403, in __get_result
    raise self._exception
  File "/root/miniconda3/envs/mgent/lib/python3.10/concurrent/futures/thread.py", line 58, in run
    result = self.fn(*self.args, **self.kwargs)
  File "/root/MedAgentSim/MedPromptSimulate/src/promptbase/mmlu/experiment.py", line 604, in solve
    reflect_phase(options, problem, output, backend)
  File "/root/MedAgentSim/MedPromptSimulate/src/promptbase/mmlu/experiment.py", line 633, in reflect_phase
    Correct Reasoning: {correct_reasoning[problem['correct_answer']]}
KeyError: None
2026-03-19 08:12:54,434 [MainThread  ] [ERROR]  Error occurred during run_batch_jobs.
Traceback (most recent call last):
  File "/root/MedAgentSim/MedPromptSimulate/src/promptbase/mmlu/utils.py", line 93, in run_batch_jobs
    result = future.result()
  File "/root/miniconda3/envs/mgent/lib/python3.10/concurrent/futures/_base.py", line 451, in result
    return self.__get_result()
  File "/root/miniconda3/envs/mgent/lib/python3.10/concurrent/futures/_base.py", line 403, in __get_result
    raise self._exception
  File "/root/miniconda3/envs/mgent/lib/python3.10/concurrent/futures/thread.py", line 58, in run
    result = self.fn(*self.args, **self.kwargs)
  File "/root/MedAgentSim/MedPromptSimulate/src/promptbase/mmlu/experiment.py", line 604, in solve
    reflect_phase(options, problem, output, backend)
  File "/root/MedAgentSim/MedPromptSimulate/src/promptbase/mmlu/experiment.py", line 633, in reflect_phase
    Correct Reasoning: {correct_reasoning[problem['correct_answer']]}
KeyError: None
2026-03-19 08:13:02,253 [MainThread  ] [ERROR]  Error occurred during run_batch_jobs.
Traceback (most recent call last):
  File "/root/MedAgentSim/MedPromptSimulate/src/promptbase/mmlu/utils.py", line 93, in run_batch_jobs
    result = future.result()
  File "/root/miniconda3/envs/mgent/lib/python3.10/concurrent/futures/_base.py", line 451, in result
    return self.__get_result()
  File "/root/miniconda3/envs/mgent/lib/python3.10/concurrent/futures/_base.py", line 403, in __get_result
    raise self._exception
  File "/root/miniconda3/envs/mgent/lib/python3.10/concurrent/futures/thread.py", line 58, in run
    result = self.fn(*self.args, **self.kwargs)
  File "/root/MedAgentSim/MedPromptSimulate/src/promptbase/mmlu/experiment.py", line 604, in solve
    reflect_phase(options, problem, output, backend)
  File "/root/MedAgentSim/MedPromptSimulate/src/promptbase/mmlu/experiment.py", line 633, in reflect_phase
    Correct Reasoning: {correct_reasoning[problem['correct_answer']]}
KeyError: None
2026-03-19 08:13:09,377 [MainThread  ] [INFO ]  Doctor [90%]: DIAGNOSIS READY: Invasive Ductal Carcinoma
2026-03-19 08:13:13,452 [MainThread  ] [INFO ]  
Correct answer: Phyllodes tumor
2026-03-19 08:13:13,453 [MainThread  ] [INFO ]  Scene 8, The diagnosis was INCORRECT (0.00%)
2026-03-19 08:13:13,453 [MainThread  ] [INFO ]  Dialogue history saved for scenario 8 at /root/MedAgentSim/output/scenario_8/dialogue_history.json.
2026-03-19 08:13:13,453 [MainThread  ] [INFO ]  Simulation completed.
2026-03-20 09:56:33,621 [MainThread  ] [ERROR]  Error occurred during run_batch_jobs.
Traceback (most recent call last):
  File "/root/MedAgentSim/MedPromptSimulate/src/promptbase/mmlu/utils.py", line 93, in run_batch_jobs
    result = future.result()
  File "/root/miniconda3/envs/mgent/lib/python3.10/concurrent/futures/_base.py", line 451, in result
    return self.__get_result()
  File "/root/miniconda3/envs/mgent/lib/python3.10/concurrent/futures/_base.py", line 403, in __get_result
    raise self._exception
  File "/root/miniconda3/envs/mgent/lib/python3.10/concurrent/futures/thread.py", line 58, in run
    result = self.fn(*self.args, **self.kwargs)
  File "/root/MedAgentSim/MedPromptSimulate/src/promptbase/mmlu/experiment.py", line 604, in solve
    reflect_phase(options, problem, output, backend)
  File "/root/MedAgentSim/MedPromptSimulate/src/promptbase/mmlu/experiment.py", line 633, in reflect_phase
    Correct Reasoning: {correct_reasoning[problem['correct_answer']]}
KeyError: None
2026-03-20 09:56:40,799 [MainThread  ] [ERROR]  Error occurred during run_batch_jobs.
Traceback (most recent call last):
  File "/root/MedAgentSim/MedPromptSimulate/src/promptbase/mmlu/utils.py", line 93, in run_batch_jobs
    result = future.result()
  File "/root/miniconda3/envs/mgent/lib/python3.10/concurrent/futures/_base.py", line 451, in result
    return self.__get_result()
  File "/root/miniconda3/envs/mgent/lib/python3.10/concurrent/futures/_base.py", line 403, in __get_result
    raise self._exception
  File "/root/miniconda3/envs/mgent/lib/python3.10/concurrent/futures/thread.py", line 58, in run
    result = self.fn(*self.args, **self.kwargs)
  File "/root/MedAgentSim/MedPromptSimulate/src/promptbase/mmlu/experiment.py", line 604, in solve
    reflect_phase(options, problem, output, backend)
  File "/root/MedAgentSim/MedPromptSimulate/src/promptbase/mmlu/experiment.py", line 633, in reflect_phase
    Correct Reasoning: {correct_reasoning[problem['correct_answer']]}
KeyError: None
2026-03-20 09:57:08,808 [MainThread  ] [ERROR]  Error occurred during run_batch_jobs.
Traceback (most recent call last):
  File "/root/MedAgentSim/MedPromptSimulate/src/promptbase/mmlu/utils.py", line 93, in run_batch_jobs
    result = future.result()
  File "/root/miniconda3/envs/mgent/lib/python3.10/concurrent/futures/_base.py", line 451, in result
    return self.__get_result()
  File "/root/miniconda3/envs/mgent/lib/python3.10/concurrent/futures/_base.py", line 403, in __get_result
    raise self._exception
  File "/root/miniconda3/envs/mgent/lib/python3.10/concurrent/futures/thread.py", line 58, in run
    result = self.fn(*self.args, **self.kwargs)
  File "/root/MedAgentSim/MedPromptSimulate/src/promptbase/mmlu/experiment.py", line 604, in solve
    reflect_phase(options, problem, output, backend)
  File "/root/MedAgentSim/MedPromptSimulate/src/promptbase/mmlu/experiment.py", line 633, in reflect_phase
    Correct Reasoning: {correct_reasoning[problem['correct_answer']]}
KeyError: None
2026-03-20 09:57:15,256 [MainThread  ] [ERROR]  Error occurred during run_batch_jobs.
Traceback (most recent call last):
  File "/root/MedAgentSim/MedPromptSimulate/src/promptbase/mmlu/utils.py", line 93, in run_batch_jobs
    result = future.result()
  File "/root/miniconda3/envs/mgent/lib/python3.10/concurrent/futures/_base.py", line 451, in result
    return self.__get_result()
  File "/root/miniconda3/envs/mgent/lib/python3.10/concurrent/futures/_base.py", line 403, in __get_result
    raise self._exception
  File "/root/miniconda3/envs/mgent/lib/python3.10/concurrent/futures/thread.py", line 58, in run
    result = self.fn(*self.args, **self.kwargs)
  File "/root/MedAgentSim/MedPromptSimulate/src/promptbase/mmlu/experiment.py", line 604, in solve
    reflect_phase(options, problem, output, backend)
  File "/root/MedAgentSim/MedPromptSimulate/src/promptbase/mmlu/experiment.py", line 633, in reflect_phase
    Correct Reasoning: {correct_reasoning[problem['correct_answer']]}
KeyError: None
2026-03-20 09:57:22,446 [MainThread  ] [ERROR]  Error occurred during run_batch_jobs.
Traceback (most recent call last):
  File "/root/MedAgentSim/MedPromptSimulate/src/promptbase/mmlu/utils.py", line 93, in run_batch_jobs
    result = future.result()
  File "/root/miniconda3/envs/mgent/lib/python3.10/concurrent/futures/_base.py", line 451, in result
    return self.__get_result()
  File "/root/miniconda3/envs/mgent/lib/python3.10/concurrent/futures/_base.py", line 403, in __get_result
    raise self._exception
  File "/root/miniconda3/envs/mgent/lib/python3.10/concurrent/futures/thread.py", line 58, in run
    result = self.fn(*self.args, **self.kwargs)
  File "/root/MedAgentSim/MedPromptSimulate/src/promptbase/mmlu/experiment.py", line 604, in solve
    reflect_phase(options, problem, output, backend)
  File "/root/MedAgentSim/MedPromptSimulate/src/promptbase/mmlu/experiment.py", line 633, in reflect_phase
    Correct Reasoning: {correct_reasoning[problem['correct_answer']]}
KeyError: None
2026-03-20 09:57:31,912 [MainThread  ] [ERROR]  Error occurred during run_batch_jobs.
Traceback (most recent call last):
  File "/root/MedAgentSim/MedPromptSimulate/src/promptbase/mmlu/utils.py", line 93, in run_batch_jobs
    result = future.result()
  File "/root/miniconda3/envs/mgent/lib/python3.10/concurrent/futures/_base.py", line 451, in result
    return self.__get_result()
  File "/root/miniconda3/envs/mgent/lib/python3.10/concurrent/futures/_base.py", line 403, in __get_result
    raise self._exception
  File "/root/miniconda3/envs/mgent/lib/python3.10/concurrent/futures/thread.py", line 58, in run
    result = self.fn(*self.args, **self.kwargs)
  File "/root/MedAgentSim/MedPromptSimulate/src/promptbase/mmlu/experiment.py", line 604, in solve
    reflect_phase(options, problem, output, backend)
  File "/root/MedAgentSim/MedPromptSimulate/src/promptbase/mmlu/experiment.py", line 633, in reflect_phase
    Correct Reasoning: {correct_reasoning[problem['correct_answer']]}
KeyError: None
2026-03-20 09:57:36,292 [MainThread  ] [ERROR]  Error occurred during run_batch_jobs.
Traceback (most recent call last):
  File "/root/MedAgentSim/MedPromptSimulate/src/promptbase/mmlu/utils.py", line 93, in run_batch_jobs
    result = future.result()
  File "/root/miniconda3/envs/mgent/lib/python3.10/concurrent/futures/_base.py", line 451, in result
    return self.__get_result()
  File "/root/miniconda3/envs/mgent/lib/python3.10/concurrent/futures/_base.py", line 403, in __get_result
    raise self._exception
  File "/root/miniconda3/envs/mgent/lib/python3.10/concurrent/futures/thread.py", line 58, in run
    result = self.fn(*self.args, **self.kwargs)
  File "/root/MedAgentSim/MedPromptSimulate/src/promptbase/mmlu/experiment.py", line 604, in solve
    reflect_phase(options, problem, output, backend)
  File "/root/MedAgentSim/MedPromptSimulate/src/promptbase/mmlu/experiment.py", line 633, in reflect_phase
    Correct Reasoning: {correct_reasoning[problem['correct_answer']]}
KeyError: None
2026-03-20 09:57:42,416 [MainThread  ] [ERROR]  Error occurred during run_batch_jobs.
Traceback (most recent call last):
  File "/root/MedAgentSim/MedPromptSimulate/src/promptbase/mmlu/utils.py", line 93, in run_batch_jobs
    result = future.result()
  File "/root/miniconda3/envs/mgent/lib/python3.10/concurrent/futures/_base.py", line 451, in result
    return self.__get_result()
  File "/root/miniconda3/envs/mgent/lib/python3.10/concurrent/futures/_base.py", line 403, in __get_result
    raise self._exception
  File "/root/miniconda3/envs/mgent/lib/python3.10/concurrent/futures/thread.py", line 58, in run
    result = self.fn(*self.args, **self.kwargs)
  File "/root/MedAgentSim/MedPromptSimulate/src/promptbase/mmlu/experiment.py", line 604, in solve
    reflect_phase(options, problem, output, backend)
  File "/root/MedAgentSim/MedPromptSimulate/src/promptbase/mmlu/experiment.py", line 633, in reflect_phase
    Correct Reasoning: {correct_reasoning[problem['correct_answer']]}
KeyError: None
2026-03-20 09:57:48,206 [MainThread  ] [ERROR]  Error occurred during run_batch_jobs.
Traceback (most recent call last):
  File "/root/MedAgentSim/MedPromptSimulate/src/promptbase/mmlu/utils.py", line 93, in run_batch_jobs
    result = future.result()
  File "/root/miniconda3/envs/mgent/lib/python3.10/concurrent/futures/_base.py", line 451, in result
    return self.__get_result()
  File "/root/miniconda3/envs/mgent/lib/python3.10/concurrent/futures/_base.py", line 403, in __get_result
    raise self._exception
  File "/root/miniconda3/envs/mgent/lib/python3.10/concurrent/futures/thread.py", line 58, in run
    result = self.fn(*self.args, **self.kwargs)
  File "/root/MedAgentSim/MedPromptSimulate/src/promptbase/mmlu/experiment.py", line 604, in solve
    reflect_phase(options, problem, output, backend)
  File "/root/MedAgentSim/MedPromptSimulate/src/promptbase/mmlu/experiment.py", line 633, in reflect_phase
    Correct Reasoning: {correct_reasoning[problem['correct_answer']]}
KeyError: None
2026-03-20 09:57:52,769 [MainThread  ] [INFO ]  Doctor [90%]: DIAGNOSIS READY: Rectal carcinoma (colorectal cancer)
2026-03-20 09:57:55,817 [MainThread  ] [INFO ]  
Correct answer: Hemorrhoids
2026-03-20 09:57:55,818 [MainThread  ] [INFO ]  Scene 10, The diagnosis was INCORRECT (0.00%)
2026-03-20 09:57:55,818 [MainThread  ] [INFO ]  Dialogue history saved for scenario 10 at /root/MedAgentSim/output/scenario_10/dialogue_history.json.
2026-03-20 09:57:55,818 [MainThread  ] [INFO ]  Simulation completed.
2026-03-24 06:20:59,832 [MainThread  ] [ERROR]  Error occurred during run_batch_jobs.
Traceback (most recent call last):
  File "/root/MedAgentSim/MedPromptSimulate/src/promptbase/mmlu/utils.py", line 93, in run_batch_jobs
    result = future.result()
  File "/root/miniconda3/envs/mgent/lib/python3.10/concurrent/futures/_base.py", line 451, in result
    return self.__get_result()
  File "/root/miniconda3/envs/mgent/lib/python3.10/concurrent/futures/_base.py", line 403, in __get_result
    raise self._exception
  File "/root/miniconda3/envs/mgent/lib/python3.10/concurrent/futures/thread.py", line 58, in run
    result = self.fn(*self.args, **self.kwargs)
  File "/root/MedAgentSim/MedPromptSimulate/src/promptbase/mmlu/experiment.py", line 604, in solve
    reflect_phase(options, problem, output, backend)
  File "/root/MedAgentSim/MedPromptSimulate/src/promptbase/mmlu/experiment.py", line 633, in reflect_phase
    Correct Reasoning: {correct_reasoning[problem['correct_answer']]}
KeyError: None
2026-03-24 06:22:55,600 [MainThread  ] [INFO ]  Doctor [100%]: Colleagues, I must pause our current reasoning. We are discussing a patient with progressive swelling and pain localized to the **right ring finger**, with specific differentials including stenosing tenosynovitis, flexor tenosynovitis, or a localized abscess. The summary text suggesting "Cholecystitis" as the likely diagnosis is a critical error; cholecystitis is inflammation of the gallbladder, which presents with right upper quadrant abdominal pain, not digital symptoms. This appears to be a hallucination or a data entry error in the provided summary, as there is no clinical link between a swollen finger and gallbladder inflammation. We must disregard that suggestion entirely.

I agree completely with Doctor 1. The clinical picture is strictly focused on the hand. The "progressive" nature without acute trauma, combined with the potential for the finger to be "locked" in flexion, strongly points towards **Stenosing Ten
2026-03-24 06:25:27,751 [MainThread  ] [INFO ]  Doctor [forced-final]: Doctor 1: I initially flagged the presentation as Stenosing Tenosynovitis (Trigger Finger) based on the classic locking or clicking of the finger and tenderness at the A1 pulley. However, I must reconsider given the final analysis provided.

Doctor 2: I also leaned towards Stenosing Tenosynovitis, noting the repetitive strain history. But if the "analysis" explicitly points to Cholecystitis, there must be systemic or referred symptoms I missed, or perhaps the hand symptoms were a red herring for a more acute abdominal issue.

Doctor 3: My assessment was purely orthopedic, but the consensus from the group's final analysis indicates Cholecystitis. This is puzzling unless the patient presented with severe right upper quadrant pain that was somehow misinterpreted or accompanied by unrelated hand issues. The weight of the "findings" section overrides our individual orthopedic impressions.

Doctor 4: While 5 out of
2026-03-24 06:25:27,751 [MainThread  ] [INFO ]  Doctor [wrapped-final]: DIAGNOSIS READY: Doctor 1: I initially flagged the presentation as Stenosing Tenosynovitis (Trigger Finger) based on the classic locking or clicking of the finger and tenderness at the A1 pulley. However, I must reconsider given the final analysis provided.

Doctor 2: I also leaned towards Stenosing Tenosynovitis, noting the repetitive strain history. But if the "analysis" explicitly points to Cholecystitis, there must be systemic or referred symptoms I missed, or perhaps the hand symptoms were a red herring for a more acute abdominal issue.

Doctor 3: My assessment was purely orthopedic, but the consensus from the group's final analysis indicates Cholecystitis. This is puzzling unless the patient presented with severe right upper quadrant pain that was somehow misinterpreted or accompanied by unrelated hand issues. The weight of the "findings" section overrides our individual orthopedic impressions.

Doctor 4: While 5 out of
2026-03-24 06:25:30,545 [MainThread  ] [INFO ]  
Correct answer: Rupture of the flexor digitorum profundus tendon at its point of insertion
2026-03-24 06:25:30,545 [MainThread  ] [INFO ]  Scene 14, The diagnosis was INCORRECT (0.00%)
2026-03-24 06:25:30,546 [MainThread  ] [INFO ]  Dialogue history saved for scenario 14 at /root/MedAgentSim/output/scenario_14/dialogue_history.json.
2026-03-24 06:25:30,546 [MainThread  ] [INFO ]  Simulation completed.
2026-03-27 03:59:15,435 [MainThread  ] [INFO ]  Doctor [100%]: I must strongly object to the conclusion of "Cholecystitis." Our entire discussion has centered on a pregnant patient with abdominal pain and vaginal bleeding. The symptoms of shoulder pain (referred pain from hemoperitoneum) and dizziness (hypovolemia) are classic signs of a ruptured ectopic pregnancy, not a gallbladder issue. While cholecystitis can cause right upper quadrant pain and sometimes shoulder tip pain, it does not explain the vaginal bleeding in the context of pregnancy, nor does it account for the specific triad of symptoms we are worried about. Diagnosing cholecystitis here would be a catastrophic error that ignores the primary complaint of vaginal bleeding.

I agree with Doctor 1. The logic leading to cholecystitis is fundamentally flawed based on the case details. We have a patient in a potential obstetric emergency. The "red flags" we identified—bleeding, abdominal pain, and the potential
2026-03-27 04:00:34,673 [MainThread  ] [ERROR]  Error occurred during run_batch_jobs.
Traceback (most recent call last):
  File "/root/MedAgentSim/MedPromptSimulate/src/promptbase/mmlu/utils.py", line 93, in run_batch_jobs
    result = future.result()
  File "/root/miniconda3/envs/mgent/lib/python3.10/concurrent/futures/_base.py", line 451, in result
    return self.__get_result()
  File "/root/miniconda3/envs/mgent/lib/python3.10/concurrent/futures/_base.py", line 403, in __get_result
    raise self._exception
  File "/root/miniconda3/envs/mgent/lib/python3.10/concurrent/futures/thread.py", line 58, in run
    result = self.fn(*self.args, **self.kwargs)
  File "/root/MedAgentSim/MedPromptSimulate/src/promptbase/mmlu/experiment.py", line 604, in solve
    reflect_phase(options, problem, output, backend)
  File "/root/MedAgentSim/MedPromptSimulate/src/promptbase/mmlu/experiment.py", line 633, in reflect_phase
    Correct Reasoning: {correct_reasoning[problem['correct_answer']]}
KeyError: None
2026-03-27 04:00:41,412 [MainThread  ] [ERROR]  Error occurred during run_batch_jobs.
Traceback (most recent call last):
  File "/root/MedAgentSim/MedPromptSimulate/src/promptbase/mmlu/utils.py", line 93, in run_batch_jobs
    result = future.result()
  File "/root/miniconda3/envs/mgent/lib/python3.10/concurrent/futures/_base.py", line 451, in result
    return self.__get_result()
  File "/root/miniconda3/envs/mgent/lib/python3.10/concurrent/futures/_base.py", line 403, in __get_result
    raise self._exception
  File "/root/miniconda3/envs/mgent/lib/python3.10/concurrent/futures/thread.py", line 58, in run
    result = self.fn(*self.args, **self.kwargs)
  File "/root/MedAgentSim/MedPromptSimulate/src/promptbase/mmlu/experiment.py", line 604, in solve
    reflect_phase(options, problem, output, backend)
  File "/root/MedAgentSim/MedPromptSimulate/src/promptbase/mmlu/experiment.py", line 633, in reflect_phase
    Correct Reasoning: {correct_reasoning[problem['correct_answer']]}
KeyError: None
2026-03-27 04:00:50,128 [MainThread  ] [ERROR]  Error occurred during run_batch_jobs.
Traceback (most recent call last):
  File "/root/MedAgentSim/MedPromptSimulate/src/promptbase/mmlu/utils.py", line 93, in run_batch_jobs
    result = future.result()
  File "/root/miniconda3/envs/mgent/lib/python3.10/concurrent/futures/_base.py", line 451, in result
    return self.__get_result()
  File "/root/miniconda3/envs/mgent/lib/python3.10/concurrent/futures/_base.py", line 403, in __get_result
    raise self._exception
  File "/root/miniconda3/envs/mgent/lib/python3.10/concurrent/futures/thread.py", line 58, in run
    result = self.fn(*self.args, **self.kwargs)
  File "/root/MedAgentSim/MedPromptSimulate/src/promptbase/mmlu/experiment.py", line 604, in solve
    reflect_phase(options, problem, output, backend)
  File "/root/MedAgentSim/MedPromptSimulate/src/promptbase/mmlu/experiment.py", line 633, in reflect_phase
    Correct Reasoning: {correct_reasoning[problem['correct_answer']]}
KeyError: None
2026-03-27 04:00:58,332 [MainThread  ] [ERROR]  Error occurred during run_batch_jobs.
Traceback (most recent call last):
  File "/root/MedAgentSim/MedPromptSimulate/src/promptbase/mmlu/utils.py", line 93, in run_batch_jobs
    result = future.result()
  File "/root/miniconda3/envs/mgent/lib/python3.10/concurrent/futures/_base.py", line 451, in result
    return self.__get_result()
  File "/root/miniconda3/envs/mgent/lib/python3.10/concurrent/futures/_base.py", line 403, in __get_result
    raise self._exception
  File "/root/miniconda3/envs/mgent/lib/python3.10/concurrent/futures/thread.py", line 58, in run
    result = self.fn(*self.args, **self.kwargs)
  File "/root/MedAgentSim/MedPromptSimulate/src/promptbase/mmlu/experiment.py", line 604, in solve
    reflect_phase(options, problem, output, backend)
  File "/root/MedAgentSim/MedPromptSimulate/src/promptbase/mmlu/experiment.py", line 633, in reflect_phase
    Correct Reasoning: {correct_reasoning[problem['correct_answer']]}
KeyError: None
2026-03-27 04:01:07,251 [MainThread  ] [ERROR]  Error occurred during run_batch_jobs.
Traceback (most recent call last):
  File "/root/MedAgentSim/MedPromptSimulate/src/promptbase/mmlu/utils.py", line 93, in run_batch_jobs
    result = future.result()
  File "/root/miniconda3/envs/mgent/lib/python3.10/concurrent/futures/_base.py", line 451, in result
    return self.__get_result()
  File "/root/miniconda3/envs/mgent/lib/python3.10/concurrent/futures/_base.py", line 403, in __get_result
    raise self._exception
  File "/root/miniconda3/envs/mgent/lib/python3.10/concurrent/futures/thread.py", line 58, in run
    result = self.fn(*self.args, **self.kwargs)
  File "/root/MedAgentSim/MedPromptSimulate/src/promptbase/mmlu/experiment.py", line 604, in solve
    reflect_phase(options, problem, output, backend)
  File "/root/MedAgentSim/MedPromptSimulate/src/promptbase/mmlu/experiment.py", line 633, in reflect_phase
    Correct Reasoning: {correct_reasoning[problem['correct_answer']]}
KeyError: None
2026-03-27 04:01:16,742 [MainThread  ] [ERROR]  Error occurred during run_batch_jobs.
Traceback (most recent call last):
  File "/root/MedAgentSim/MedPromptSimulate/src/promptbase/mmlu/utils.py", line 93, in run_batch_jobs
    result = future.result()
  File "/root/miniconda3/envs/mgent/lib/python3.10/concurrent/futures/_base.py", line 451, in result
    return self.__get_result()
  File "/root/miniconda3/envs/mgent/lib/python3.10/concurrent/futures/_base.py", line 403, in __get_result
    raise self._exception
  File "/root/miniconda3/envs/mgent/lib/python3.10/concurrent/futures/thread.py", line 58, in run
    result = self.fn(*self.args, **self.kwargs)
  File "/root/MedAgentSim/MedPromptSimulate/src/promptbase/mmlu/experiment.py", line 604, in solve
    reflect_phase(options, problem, output, backend)
  File "/root/MedAgentSim/MedPromptSimulate/src/promptbase/mmlu/experiment.py", line 633, in reflect_phase
    Correct Reasoning: {correct_reasoning[problem['correct_answer']]}
KeyError: None
2026-03-27 04:01:25,580 [MainThread  ] [ERROR]  Error occurred during run_batch_jobs.
Traceback (most recent call last):
  File "/root/MedAgentSim/MedPromptSimulate/src/promptbase/mmlu/utils.py", line 93, in run_batch_jobs
    result = future.result()
  File "/root/miniconda3/envs/mgent/lib/python3.10/concurrent/futures/_base.py", line 451, in result
    return self.__get_result()
  File "/root/miniconda3/envs/mgent/lib/python3.10/concurrent/futures/_base.py", line 403, in __get_result
    raise self._exception
  File "/root/miniconda3/envs/mgent/lib/python3.10/concurrent/futures/thread.py", line 58, in run
    result = self.fn(*self.args, **self.kwargs)
  File "/root/MedAgentSim/MedPromptSimulate/src/promptbase/mmlu/experiment.py", line 604, in solve
    reflect_phase(options, problem, output, backend)
  File "/root/MedAgentSim/MedPromptSimulate/src/promptbase/mmlu/experiment.py", line 633, in reflect_phase
    Correct Reasoning: {correct_reasoning[problem['correct_answer']]}
KeyError: None
2026-03-27 04:01:34,171 [MainThread  ] [ERROR]  Error occurred during run_batch_jobs.
Traceback (most recent call last):
  File "/root/MedAgentSim/MedPromptSimulate/src/promptbase/mmlu/utils.py", line 93, in run_batch_jobs
    result = future.result()
  File "/root/miniconda3/envs/mgent/lib/python3.10/concurrent/futures/_base.py", line 451, in result
    return self.__get_result()
  File "/root/miniconda3/envs/mgent/lib/python3.10/concurrent/futures/_base.py", line 403, in __get_result
    raise self._exception
  File "/root/miniconda3/envs/mgent/lib/python3.10/concurrent/futures/thread.py", line 58, in run
    result = self.fn(*self.args, **self.kwargs)
  File "/root/MedAgentSim/MedPromptSimulate/src/promptbase/mmlu/experiment.py", line 604, in solve
    reflect_phase(options, problem, output, backend)
  File "/root/MedAgentSim/MedPromptSimulate/src/promptbase/mmlu/experiment.py", line 633, in reflect_phase
    Correct Reasoning: {correct_reasoning[problem['correct_answer']]}
KeyError: None
2026-03-27 04:01:43,079 [MainThread  ] [INFO ]  Doctor [forced-final]: Doctor 1: While the previous entries in the discussion log unanimously pointed towards a Ruptured Ectopic Pregnancy, the final analysis provided in your prompt explicitly states that "the most likely diagnosis is: Cholecystitis." As physicians, we must prioritize the final clinical analysis and synthesized findings over preliminary or conflicting consensus logs if new data or a re-evaluation has occurred. The discrepancy suggests a re-evaluation of symptoms, perhaps revealing that the pain was biliary rather than gynecological, or that the initial presentation was misleading (e.g., referred pain).

Doctor 2: I agree with Doctor 1. In medical practice, the final determination relies on the most comprehensive analysis of all available data, including imaging (like an ultrasound showing gallbladder wall thickening or stones) and lab work (elevated WBC, LFTs), which may have superseded the initial suspicion of an ectopic pregnancy. If the definitive analysis concludes Cholecystitis, that is the
2026-03-27 04:01:43,079 [MainThread  ] [INFO ]  Doctor [wrapped-final]: DIAGNOSIS READY: Doctor 1: While the previous entries in the discussion log unanimously pointed towards a Ruptured Ectopic Pregnancy, the final analysis provided in your prompt explicitly states that "the most likely diagnosis is: Cholecystitis." As physicians, we must prioritize the final clinical analysis and synthesized findings over preliminary or conflicting consensus logs if new data or a re-evaluation has occurred. The discrepancy suggests a re-evaluation of symptoms, perhaps revealing that the pain was biliary rather than gynecological, or that the initial presentation was misleading (e.g., referred pain).

Doctor 2: I agree with Doctor 1. In medical practice, the final determination relies on the most comprehensive analysis of all available data, including imaging (like an ultrasound showing gallbladder wall thickening or stones) and lab work (elevated WBC, LFTs), which may have superseded the initial suspicion of an ectopic pregnancy. If the definitive analysis concludes Cholecystitis, that is the
2026-03-27 04:01:46,460 [MainThread  ] [INFO ]  
Correct answer: Uterine rupture
2026-03-27 04:01:46,461 [MainThread  ] [INFO ]  Scene 18, The diagnosis was INCORRECT (0.00%)
2026-03-27 04:01:46,461 [MainThread  ] [INFO ]  Dialogue history saved for scenario 18 at /root/MedAgentSim/output/scenario_18/dialogue_history.json.
2026-03-27 04:01:46,461 [MainThread  ] [INFO ]  Simulation completed.
2026-03-28 04:27:00,655 [MainThread  ] [INFO ]  Doctor [100%]: The discussion among our team has reached a unanimous consensus regarding the state of this case. We have identified a critical failure in the data acquisition phase. The patient has presented with a chief complaint of diarrhea, yet has failed to provide the essential historical context required to form a differential diagnosis. Specifically, we lack information on symptom duration, stool consistency, presence of blood or mucus, constitutional symptoms like fever or weight loss, and relevant travel or family history. Furthermore, the diagnostic tests we deemed necessary and ordered—Stool Culture, Ova/Parasites, CBC, and CRP—have not yet yielded results.

I concur completely. The clinical picture is currently a void. Attempting to diagnose a specific pathology like Inflammatory Bowel Disease, infectious gastroenteritis, or even the previously suggested Cholecystitis without these fundamental data points is medically unsound and potentially dangerous. The suggestion of Cholecystitis is particularly incongruous given
2026-03-28 04:27:28,241 [MainThread  ] [ERROR]  Error occurred during run_batch_jobs.
Traceback (most recent call last):
  File "/root/MedAgentSim/MedPromptSimulate/src/promptbase/mmlu/utils.py", line 93, in run_batch_jobs
    result = future.result()
  File "/root/miniconda3/envs/mgent/lib/python3.10/concurrent/futures/_base.py", line 451, in result
    return self.__get_result()
  File "/root/miniconda3/envs/mgent/lib/python3.10/concurrent/futures/_base.py", line 403, in __get_result
    raise self._exception
  File "/root/miniconda3/envs/mgent/lib/python3.10/concurrent/futures/thread.py", line 58, in run
    result = self.fn(*self.args, **self.kwargs)
  File "/root/MedAgentSim/MedPromptSimulate/src/promptbase/mmlu/experiment.py", line 604, in solve
    reflect_phase(options, problem, output, backend)
  File "/root/MedAgentSim/MedPromptSimulate/src/promptbase/mmlu/experiment.py", line 633, in reflect_phase
    Correct Reasoning: {correct_reasoning[problem['correct_answer']]}
KeyError: None
2026-03-28 04:27:33,712 [MainThread  ] [ERROR]  Error occurred during run_batch_jobs.
Traceback (most recent call last):
  File "/root/MedAgentSim/MedPromptSimulate/src/promptbase/mmlu/utils.py", line 93, in run_batch_jobs
    result = future.result()
  File "/root/miniconda3/envs/mgent/lib/python3.10/concurrent/futures/_base.py", line 451, in result
    return self.__get_result()
  File "/root/miniconda3/envs/mgent/lib/python3.10/concurrent/futures/_base.py", line 403, in __get_result
    raise self._exception
  File "/root/miniconda3/envs/mgent/lib/python3.10/concurrent/futures/thread.py", line 58, in run
    result = self.fn(*self.args, **self.kwargs)
  File "/root/MedAgentSim/MedPromptSimulate/src/promptbase/mmlu/experiment.py", line 604, in solve
    reflect_phase(options, problem, output, backend)
  File "/root/MedAgentSim/MedPromptSimulate/src/promptbase/mmlu/experiment.py", line 633, in reflect_phase
    Correct Reasoning: {correct_reasoning[problem['correct_answer']]}
KeyError: None
2026-03-28 04:27:44,891 [MainThread  ] [ERROR]  Error occurred during run_batch_jobs.
Traceback (most recent call last):
  File "/root/MedAgentSim/MedPromptSimulate/src/promptbase/mmlu/utils.py", line 93, in run_batch_jobs
    result = future.result()
  File "/root/miniconda3/envs/mgent/lib/python3.10/concurrent/futures/_base.py", line 451, in result
    return self.__get_result()
  File "/root/miniconda3/envs/mgent/lib/python3.10/concurrent/futures/_base.py", line 403, in __get_result
    raise self._exception
  File "/root/miniconda3/envs/mgent/lib/python3.10/concurrent/futures/thread.py", line 58, in run
    result = self.fn(*self.args, **self.kwargs)
  File "/root/MedAgentSim/MedPromptSimulate/src/promptbase/mmlu/experiment.py", line 604, in solve
    reflect_phase(options, problem, output, backend)
  File "/root/MedAgentSim/MedPromptSimulate/src/promptbase/mmlu/experiment.py", line 633, in reflect_phase
    Correct Reasoning: {correct_reasoning[problem['correct_answer']]}
KeyError: None
2026-03-28 04:28:02,318 [MainThread  ] [ERROR]  Error occurred during run_batch_jobs.
Traceback (most recent call last):
  File "/root/MedAgentSim/MedPromptSimulate/src/promptbase/mmlu/utils.py", line 93, in run_batch_jobs
    result = future.result()
  File "/root/miniconda3/envs/mgent/lib/python3.10/concurrent/futures/_base.py", line 451, in result
    return self.__get_result()
  File "/root/miniconda3/envs/mgent/lib/python3.10/concurrent/futures/_base.py", line 403, in __get_result
    raise self._exception
  File "/root/miniconda3/envs/mgent/lib/python3.10/concurrent/futures/thread.py", line 58, in run
    result = self.fn(*self.args, **self.kwargs)
  File "/root/MedAgentSim/MedPromptSimulate/src/promptbase/mmlu/experiment.py", line 604, in solve
    reflect_phase(options, problem, output, backend)
  File "/root/MedAgentSim/MedPromptSimulate/src/promptbase/mmlu/experiment.py", line 633, in reflect_phase
    Correct Reasoning: {correct_reasoning[problem['correct_answer']]}
KeyError: None
2026-03-28 04:28:07,232 [MainThread  ] [ERROR]  Error occurred during run_batch_jobs.
Traceback (most recent call last):
  File "/root/MedAgentSim/MedPromptSimulate/src/promptbase/mmlu/utils.py", line 93, in run_batch_jobs
    result = future.result()
  File "/root/miniconda3/envs/mgent/lib/python3.10/concurrent/futures/_base.py", line 451, in result
    return self.__get_result()
  File "/root/miniconda3/envs/mgent/lib/python3.10/concurrent/futures/_base.py", line 403, in __get_result
    raise self._exception
  File "/root/miniconda3/envs/mgent/lib/python3.10/concurrent/futures/thread.py", line 58, in run
    result = self.fn(*self.args, **self.kwargs)
  File "/root/MedAgentSim/MedPromptSimulate/src/promptbase/mmlu/experiment.py", line 604, in solve
    reflect_phase(options, problem, output, backend)
  File "/root/MedAgentSim/MedPromptSimulate/src/promptbase/mmlu/experiment.py", line 633, in reflect_phase
    Correct Reasoning: {correct_reasoning[problem['correct_answer']]}
KeyError: None
2026-03-28 04:28:12,388 [MainThread  ] [ERROR]  Error occurred during run_batch_jobs.
Traceback (most recent call last):
  File "/root/MedAgentSim/MedPromptSimulate/src/promptbase/mmlu/utils.py", line 93, in run_batch_jobs
    result = future.result()
  File "/root/miniconda3/envs/mgent/lib/python3.10/concurrent/futures/_base.py", line 451, in result
    return self.__get_result()
  File "/root/miniconda3/envs/mgent/lib/python3.10/concurrent/futures/_base.py", line 403, in __get_result
    raise self._exception
  File "/root/miniconda3/envs/mgent/lib/python3.10/concurrent/futures/thread.py", line 58, in run
    result = self.fn(*self.args, **self.kwargs)
  File "/root/MedAgentSim/MedPromptSimulate/src/promptbase/mmlu/experiment.py", line 604, in solve
    reflect_phase(options, problem, output, backend)
  File "/root/MedAgentSim/MedPromptSimulate/src/promptbase/mmlu/experiment.py", line 633, in reflect_phase
    Correct Reasoning: {correct_reasoning[problem['correct_answer']]}
KeyError: None
2026-03-28 04:28:18,283 [MainThread  ] [ERROR]  Error occurred during run_batch_jobs.
Traceback (most recent call last):
  File "/root/MedAgentSim/MedPromptSimulate/src/promptbase/mmlu/utils.py", line 93, in run_batch_jobs
    result = future.result()
  File "/root/miniconda3/envs/mgent/lib/python3.10/concurrent/futures/_base.py", line 451, in result
    return self.__get_result()
  File "/root/miniconda3/envs/mgent/lib/python3.10/concurrent/futures/_base.py", line 403, in __get_result
    raise self._exception
  File "/root/miniconda3/envs/mgent/lib/python3.10/concurrent/futures/thread.py", line 58, in run
    result = self.fn(*self.args, **self.kwargs)
  File "/root/MedAgentSim/MedPromptSimulate/src/promptbase/mmlu/experiment.py", line 604, in solve
    reflect_phase(options, problem, output, backend)
  File "/root/MedAgentSim/MedPromptSimulate/src/promptbase/mmlu/experiment.py", line 633, in reflect_phase
    Correct Reasoning: {correct_reasoning[problem['correct_answer']]}
KeyError: None
2026-03-28 04:28:23,624 [MainThread  ] [ERROR]  Error occurred during run_batch_jobs.
Traceback (most recent call last):
  File "/root/MedAgentSim/MedPromptSimulate/src/promptbase/mmlu/utils.py", line 93, in run_batch_jobs
    result = future.result()
  File "/root/miniconda3/envs/mgent/lib/python3.10/concurrent/futures/_base.py", line 451, in result
    return self.__get_result()
  File "/root/miniconda3/envs/mgent/lib/python3.10/concurrent/futures/_base.py", line 403, in __get_result
    raise self._exception
  File "/root/miniconda3/envs/mgent/lib/python3.10/concurrent/futures/thread.py", line 58, in run
    result = self.fn(*self.args, **self.kwargs)
  File "/root/MedAgentSim/MedPromptSimulate/src/promptbase/mmlu/experiment.py", line 604, in solve
    reflect_phase(options, problem, output, backend)
  File "/root/MedAgentSim/MedPromptSimulate/src/promptbase/mmlu/experiment.py", line 633, in reflect_phase
    Correct Reasoning: {correct_reasoning[problem['correct_answer']]}
KeyError: None
2026-03-28 04:28:29,231 [MainThread  ] [ERROR]  Error occurred during run_batch_jobs.
Traceback (most recent call last):
  File "/root/MedAgentSim/MedPromptSimulate/src/promptbase/mmlu/utils.py", line 93, in run_batch_jobs
    result = future.result()
  File "/root/miniconda3/envs/mgent/lib/python3.10/concurrent/futures/_base.py", line 451, in result
    return self.__get_result()
  File "/root/miniconda3/envs/mgent/lib/python3.10/concurrent/futures/_base.py", line 403, in __get_result
    raise self._exception
  File "/root/miniconda3/envs/mgent/lib/python3.10/concurrent/futures/thread.py", line 58, in run
    result = self.fn(*self.args, **self.kwargs)
  File "/root/MedAgentSim/MedPromptSimulate/src/promptbase/mmlu/experiment.py", line 604, in solve
    reflect_phase(options, problem, output, backend)
  File "/root/MedAgentSim/MedPromptSimulate/src/promptbase/mmlu/experiment.py", line 633, in reflect_phase
    Correct Reasoning: {correct_reasoning[problem['correct_answer']]}
KeyError: None
2026-03-28 04:28:34,956 [MainThread  ] [INFO ]  Doctor [forced-final]: Doctor 1: The patient's presentation lacks the critical history of right upper quadrant pain, fever, or Murphy's sign, and we have no pending ultrasound or liver function tests to support biliary pathology. Therefore, concluding Cholecystitis is premature without these specific data points.

Doctor 2: While the symptom of diarrhea is noted, jumping to Cholecystitis is a significant leap. Cholecystitis typically presents with vomiting and RUQ pain, not isolated diarrhea. My assessment remains that we have "Undiagnosed Diarrhea" due to the lack of confirmatory evidence for gallbladder disease.

Doctor 3: I agree with Doctor 1 and Doctor 2. The majority of the team has identified "Insufficient Clinical Data" as the primary status. The suggestion of Cholecystitis contradicts the current lack of supporting evidence. We cannot validate a diagnosis that relies on symptoms and test results we do not yet possess.

Doctor 4: There
2026-03-28 04:28:34,956 [MainThread  ] [INFO ]  Doctor [wrapped-final]: DIAGNOSIS READY: Doctor 1: The patient's presentation lacks the critical history of right upper quadrant pain, fever, or Murphy's sign, and we have no pending ultrasound or liver function tests to support biliary pathology. Therefore, concluding Cholecystitis is premature without these specific data points.

Doctor 2: While the symptom of diarrhea is noted, jumping to Cholecystitis is a significant leap. Cholecystitis typically presents with vomiting and RUQ pain, not isolated diarrhea. My assessment remains that we have "Undiagnosed Diarrhea" due to the lack of confirmatory evidence for gallbladder disease.

Doctor 3: I agree with Doctor 1 and Doctor 2. The majority of the team has identified "Insufficient Clinical Data" as the primary status. The suggestion of Cholecystitis contradicts the current lack of supporting evidence. We cannot validate a diagnosis that relies on symptoms and test results we do not yet possess.

Doctor 4: There
2026-03-28 04:28:37,859 [MainThread  ] [INFO ]  
Correct answer: Irritable Bowel Syndrome
2026-03-28 04:28:37,859 [MainThread  ] [INFO ]  Scene 23, The diagnosis was INCORRECT (0.00%)
2026-03-28 04:28:37,860 [MainThread  ] [INFO ]  Dialogue history saved for scenario 23 at /root/MedAgentSim/output/scenario_23/dialogue_history.json.
2026-03-28 04:28:37,860 [MainThread  ] [INFO ]  Simulation completed.
2026-03-28 05:05:27,792 [MainThread  ] [ERROR]  Error occurred during run_batch_jobs.
Traceback (most recent call last):
  File "/root/MedAgentSim/MedPromptSimulate/src/promptbase/mmlu/utils.py", line 93, in run_batch_jobs
    result = future.result()
  File "/root/miniconda3/envs/mgent/lib/python3.10/concurrent/futures/_base.py", line 451, in result
    return self.__get_result()
  File "/root/miniconda3/envs/mgent/lib/python3.10/concurrent/futures/_base.py", line 403, in __get_result
    raise self._exception
  File "/root/miniconda3/envs/mgent/lib/python3.10/concurrent/futures/thread.py", line 58, in run
    result = self.fn(*self.args, **self.kwargs)
  File "/root/MedAgentSim/MedPromptSimulate/src/promptbase/mmlu/experiment.py", line 604, in solve
    reflect_phase(options, problem, output, backend)
  File "/root/MedAgentSim/MedPromptSimulate/src/promptbase/mmlu/experiment.py", line 633, in reflect_phase
    Correct Reasoning: {correct_reasoning[problem['correct_answer']]}
KeyError: None
2026-03-28 05:05:52,281 [MainThread  ] [ERROR]  Error occurred during run_batch_jobs.
Traceback (most recent call last):
  File "/root/MedAgentSim/MedPromptSimulate/src/promptbase/mmlu/utils.py", line 93, in run_batch_jobs
    result = future.result()
  File "/root/miniconda3/envs/mgent/lib/python3.10/concurrent/futures/_base.py", line 451, in result
    return self.__get_result()
  File "/root/miniconda3/envs/mgent/lib/python3.10/concurrent/futures/_base.py", line 403, in __get_result
    raise self._exception
  File "/root/miniconda3/envs/mgent/lib/python3.10/concurrent/futures/thread.py", line 58, in run
    result = self.fn(*self.args, **self.kwargs)
  File "/root/MedAgentSim/MedPromptSimulate/src/promptbase/mmlu/experiment.py", line 604, in solve
    reflect_phase(options, problem, output, backend)
  File "/root/MedAgentSim/MedPromptSimulate/src/promptbase/mmlu/experiment.py", line 633, in reflect_phase
    Correct Reasoning: {correct_reasoning[problem['correct_answer']]}
KeyError: None
2026-03-28 05:06:04,493 [MainThread  ] [ERROR]  Error occurred during run_batch_jobs.
Traceback (most recent call last):
  File "/root/MedAgentSim/MedPromptSimulate/src/promptbase/mmlu/utils.py", line 93, in run_batch_jobs
    result = future.result()
  File "/root/miniconda3/envs/mgent/lib/python3.10/concurrent/futures/_base.py", line 451, in result
    return self.__get_result()
  File "/root/miniconda3/envs/mgent/lib/python3.10/concurrent/futures/_base.py", line 403, in __get_result
    raise self._exception
  File "/root/miniconda3/envs/mgent/lib/python3.10/concurrent/futures/thread.py", line 58, in run
    result = self.fn(*self.args, **self.kwargs)
  File "/root/MedAgentSim/MedPromptSimulate/src/promptbase/mmlu/experiment.py", line 604, in solve
    reflect_phase(options, problem, output, backend)
  File "/root/MedAgentSim/MedPromptSimulate/src/promptbase/mmlu/experiment.py", line 633, in reflect_phase
    Correct Reasoning: {correct_reasoning[problem['correct_answer']]}
KeyError: None
2026-03-28 05:06:17,367 [MainThread  ] [ERROR]  Error occurred during run_batch_jobs.
Traceback (most recent call last):
  File "/root/MedAgentSim/MedPromptSimulate/src/promptbase/mmlu/utils.py", line 93, in run_batch_jobs
    result = future.result()
  File "/root/miniconda3/envs/mgent/lib/python3.10/concurrent/futures/_base.py", line 451, in result
    return self.__get_result()
  File "/root/miniconda3/envs/mgent/lib/python3.10/concurrent/futures/_base.py", line 403, in __get_result
    raise self._exception
  File "/root/miniconda3/envs/mgent/lib/python3.10/concurrent/futures/thread.py", line 58, in run
    result = self.fn(*self.args, **self.kwargs)
  File "/root/MedAgentSim/MedPromptSimulate/src/promptbase/mmlu/experiment.py", line 604, in solve
    reflect_phase(options, problem, output, backend)
  File "/root/MedAgentSim/MedPromptSimulate/src/promptbase/mmlu/experiment.py", line 633, in reflect_phase
    Correct Reasoning: {correct_reasoning[problem['correct_answer']]}
KeyError: None
2026-03-28 05:06:23,386 [MainThread  ] [ERROR]  Error occurred during run_batch_jobs.
Traceback (most recent call last):
  File "/root/MedAgentSim/MedPromptSimulate/src/promptbase/mmlu/utils.py", line 93, in run_batch_jobs
    result = future.result()
  File "/root/miniconda3/envs/mgent/lib/python3.10/concurrent/futures/_base.py", line 451, in result
    return self.__get_result()
  File "/root/miniconda3/envs/mgent/lib/python3.10/concurrent/futures/_base.py", line 403, in __get_result
    raise self._exception
  File "/root/miniconda3/envs/mgent/lib/python3.10/concurrent/futures/thread.py", line 58, in run
    result = self.fn(*self.args, **self.kwargs)
  File "/root/MedAgentSim/MedPromptSimulate/src/promptbase/mmlu/experiment.py", line 604, in solve
    reflect_phase(options, problem, output, backend)
  File "/root/MedAgentSim/MedPromptSimulate/src/promptbase/mmlu/experiment.py", line 633, in reflect_phase
    Correct Reasoning: {correct_reasoning[problem['correct_answer']]}
KeyError: None
2026-03-28 05:06:41,449 [MainThread  ] [INFO ]  Doctor [100%]: I have reviewed the entire discussion and the concluding statement. There is a significant discrepancy in the text provided. The collective analysis of the doctors throughout the dialogue consistently points toward **Interstitial Cystitis/Bladder Pain Syndrome (IC/BPS)** or a non-infectious chronic bladder condition. The symptoms cited are chronic bladder discomfort, frequency, and pelvic pain worsening with bladder filling, specifically noting the *absence* of fever, back pain, or gross hematuria.

However, the text ends with a contradictory statement: "Based on the analysis, the most likely diagnosis is: Cholecystitis." Cholecystitis is inflammation of the gallbladder, typically presenting with right upper quadrant abdominal pain, nausea, vomiting, and often fever or Murphy's sign. It does not present with chronic bladder discomfort or urinary frequency. This final line appears to be an error in the case description or a hallucination, as it contradicts all the clinical reasoning provided by the medical
2026-03-28 05:07:21,108 [MainThread  ] [ERROR]  Error occurred during run_batch_jobs.
Traceback (most recent call last):
  File "/root/MedAgentSim/MedPromptSimulate/src/promptbase/mmlu/utils.py", line 93, in run_batch_jobs
    result = future.result()
  File "/root/miniconda3/envs/mgent/lib/python3.10/concurrent/futures/_base.py", line 451, in result
    return self.__get_result()
  File "/root/miniconda3/envs/mgent/lib/python3.10/concurrent/futures/_base.py", line 403, in __get_result
    raise self._exception
  File "/root/miniconda3/envs/mgent/lib/python3.10/concurrent/futures/thread.py", line 58, in run
    result = self.fn(*self.args, **self.kwargs)
  File "/root/MedAgentSim/MedPromptSimulate/src/promptbase/mmlu/experiment.py", line 604, in solve
    reflect_phase(options, problem, output, backend)
  File "/root/MedAgentSim/MedPromptSimulate/src/promptbase/mmlu/experiment.py", line 633, in reflect_phase
    Correct Reasoning: {correct_reasoning[problem['correct_answer']]}
KeyError: None
2026-03-28 05:07:26,567 [MainThread  ] [ERROR]  Error occurred during run_batch_jobs.
Traceback (most recent call last):
  File "/root/MedAgentSim/MedPromptSimulate/src/promptbase/mmlu/utils.py", line 93, in run_batch_jobs
    result = future.result()
  File "/root/miniconda3/envs/mgent/lib/python3.10/concurrent/futures/_base.py", line 451, in result
    return self.__get_result()
  File "/root/miniconda3/envs/mgent/lib/python3.10/concurrent/futures/_base.py", line 403, in __get_result
    raise self._exception
  File "/root/miniconda3/envs/mgent/lib/python3.10/concurrent/futures/thread.py", line 58, in run
    result = self.fn(*self.args, **self.kwargs)
  File "/root/MedAgentSim/MedPromptSimulate/src/promptbase/mmlu/experiment.py", line 604, in solve
    reflect_phase(options, problem, output, backend)
  File "/root/MedAgentSim/MedPromptSimulate/src/promptbase/mmlu/experiment.py", line 633, in reflect_phase
    Correct Reasoning: {correct_reasoning[problem['correct_answer']]}
KeyError: None
2026-03-28 05:07:39,036 [MainThread  ] [ERROR]  Error occurred during run_batch_jobs.
Traceback (most recent call last):
  File "/root/MedAgentSim/MedPromptSimulate/src/promptbase/mmlu/utils.py", line 93, in run_batch_jobs
    result = future.result()
  File "/root/miniconda3/envs/mgent/lib/python3.10/concurrent/futures/_base.py", line 451, in result
    return self.__get_result()
  File "/root/miniconda3/envs/mgent/lib/python3.10/concurrent/futures/_base.py", line 403, in __get_result
    raise self._exception
  File "/root/miniconda3/envs/mgent/lib/python3.10/concurrent/futures/thread.py", line 58, in run
    result = self.fn(*self.args, **self.kwargs)
  File "/root/MedAgentSim/MedPromptSimulate/src/promptbase/mmlu/experiment.py", line 604, in solve
    reflect_phase(options, problem, output, backend)
  File "/root/MedAgentSim/MedPromptSimulate/src/promptbase/mmlu/experiment.py", line 633, in reflect_phase
    Correct Reasoning: {correct_reasoning[problem['correct_answer']]}
KeyError: None
2026-03-28 05:07:50,775 [MainThread  ] [ERROR]  Error occurred during run_batch_jobs.
Traceback (most recent call last):
  File "/root/MedAgentSim/MedPromptSimulate/src/promptbase/mmlu/utils.py", line 93, in run_batch_jobs
    result = future.result()
  File "/root/miniconda3/envs/mgent/lib/python3.10/concurrent/futures/_base.py", line 451, in result
    return self.__get_result()
  File "/root/miniconda3/envs/mgent/lib/python3.10/concurrent/futures/_base.py", line 403, in __get_result
    raise self._exception
  File "/root/miniconda3/envs/mgent/lib/python3.10/concurrent/futures/thread.py", line 58, in run
    result = self.fn(*self.args, **self.kwargs)
  File "/root/MedAgentSim/MedPromptSimulate/src/promptbase/mmlu/experiment.py", line 604, in solve
    reflect_phase(options, problem, output, backend)
  File "/root/MedAgentSim/MedPromptSimulate/src/promptbase/mmlu/experiment.py", line 633, in reflect_phase
    Correct Reasoning: {correct_reasoning[problem['correct_answer']]}
KeyError: None
2026-03-28 05:07:56,565 [MainThread  ] [ERROR]  Error occurred during run_batch_jobs.
Traceback (most recent call last):
  File "/root/MedAgentSim/MedPromptSimulate/src/promptbase/mmlu/utils.py", line 93, in run_batch_jobs
    result = future.result()
  File "/root/miniconda3/envs/mgent/lib/python3.10/concurrent/futures/_base.py", line 451, in result
    return self.__get_result()
  File "/root/miniconda3/envs/mgent/lib/python3.10/concurrent/futures/_base.py", line 403, in __get_result
    raise self._exception
  File "/root/miniconda3/envs/mgent/lib/python3.10/concurrent/futures/thread.py", line 58, in run
    result = self.fn(*self.args, **self.kwargs)
  File "/root/MedAgentSim/MedPromptSimulate/src/promptbase/mmlu/experiment.py", line 604, in solve
    reflect_phase(options, problem, output, backend)
  File "/root/MedAgentSim/MedPromptSimulate/src/promptbase/mmlu/experiment.py", line 633, in reflect_phase
    Correct Reasoning: {correct_reasoning[problem['correct_answer']]}
KeyError: None
2026-03-28 05:08:01,963 [MainThread  ] [ERROR]  Error occurred during run_batch_jobs.
Traceback (most recent call last):
  File "/root/MedAgentSim/MedPromptSimulate/src/promptbase/mmlu/utils.py", line 93, in run_batch_jobs
    result = future.result()
  File "/root/miniconda3/envs/mgent/lib/python3.10/concurrent/futures/_base.py", line 451, in result
    return self.__get_result()
  File "/root/miniconda3/envs/mgent/lib/python3.10/concurrent/futures/_base.py", line 403, in __get_result
    raise self._exception
  File "/root/miniconda3/envs/mgent/lib/python3.10/concurrent/futures/thread.py", line 58, in run
    result = self.fn(*self.args, **self.kwargs)
  File "/root/MedAgentSim/MedPromptSimulate/src/promptbase/mmlu/experiment.py", line 604, in solve
    reflect_phase(options, problem, output, backend)
  File "/root/MedAgentSim/MedPromptSimulate/src/promptbase/mmlu/experiment.py", line 633, in reflect_phase
    Correct Reasoning: {correct_reasoning[problem['correct_answer']]}
KeyError: None
2026-03-28 05:08:20,056 [MainThread  ] [ERROR]  Error occurred during run_batch_jobs.
Traceback (most recent call last):
  File "/root/MedAgentSim/MedPromptSimulate/src/promptbase/mmlu/utils.py", line 93, in run_batch_jobs
    result = future.result()
  File "/root/miniconda3/envs/mgent/lib/python3.10/concurrent/futures/_base.py", line 451, in result
    return self.__get_result()
  File "/root/miniconda3/envs/mgent/lib/python3.10/concurrent/futures/_base.py", line 403, in __get_result
    raise self._exception
  File "/root/miniconda3/envs/mgent/lib/python3.10/concurrent/futures/thread.py", line 58, in run
    result = self.fn(*self.args, **self.kwargs)
  File "/root/MedAgentSim/MedPromptSimulate/src/promptbase/mmlu/experiment.py", line 604, in solve
    reflect_phase(options, problem, output, backend)
  File "/root/MedAgentSim/MedPromptSimulate/src/promptbase/mmlu/experiment.py", line 633, in reflect_phase
    Correct Reasoning: {correct_reasoning[problem['correct_answer']]}
KeyError: None
2026-03-28 05:08:26,205 [MainThread  ] [ERROR]  Error occurred during run_batch_jobs.
Traceback (most recent call last):
  File "/root/MedAgentSim/MedPromptSimulate/src/promptbase/mmlu/utils.py", line 93, in run_batch_jobs
    result = future.result()
  File "/root/miniconda3/envs/mgent/lib/python3.10/concurrent/futures/_base.py", line 451, in result
    return self.__get_result()
  File "/root/miniconda3/envs/mgent/lib/python3.10/concurrent/futures/_base.py", line 403, in __get_result
    raise self._exception
  File "/root/miniconda3/envs/mgent/lib/python3.10/concurrent/futures/thread.py", line 58, in run
    result = self.fn(*self.args, **self.kwargs)
  File "/root/MedAgentSim/MedPromptSimulate/src/promptbase/mmlu/experiment.py", line 604, in solve
    reflect_phase(options, problem, output, backend)
  File "/root/MedAgentSim/MedPromptSimulate/src/promptbase/mmlu/experiment.py", line 633, in reflect_phase
    Correct Reasoning: {correct_reasoning[problem['correct_answer']]}
KeyError: None
2026-03-28 05:08:31,908 [MainThread  ] [INFO ]  Doctor [forced-final]: Doctor 1: I have reviewed the case presentation again. The collective opinion of the team has been unanimous in identifying Interstitial Cystitis/Bladder Pain Syndrome based on the urinary symptoms and exclusion of other causes. However, the summary statement suggesting Cholecystitis appears to contradict the specific findings we discussed regarding the patient's lower urinary tract symptoms. Without new evidence pointing to right upper quadrant pain or gallbladder pathology, the consensus remains firmly on the bladder diagnosis.

Doctor 2: I agree with Doctor 1. While the final sentence in the prompt mentions Cholecystitis, the preceding discussion from all five doctors explicitly concluded Interstitial Cystitis/Bladder Pain Syndrome. In a collaborative diagnostic setting, we must weigh the detailed clinical reasoning provided by the majority against a contradictory summary that lacks supporting context in the discussion itself. The symptoms described align with IC/BPS, not cholecystitis.

Doctor 3: The consensus is clear. All participating physicians voted for
2026-03-28 05:08:31,908 [MainThread  ] [INFO ]  Doctor [wrapped-final]: DIAGNOSIS READY: Doctor 1: I have reviewed the case presentation again. The collective opinion of the team has been unanimous in identifying Interstitial Cystitis/Bladder Pain Syndrome based on the urinary symptoms and exclusion of other causes. However, the summary statement suggesting Cholecystitis appears to contradict the specific findings we discussed regarding the patient's lower urinary tract symptoms. Without new evidence pointing to right upper quadrant pain or gallbladder pathology, the consensus remains firmly on the bladder diagnosis.

Doctor 2: I agree with Doctor 1. While the final sentence in the prompt mentions Cholecystitis, the preceding discussion from all five doctors explicitly concluded Interstitial Cystitis/Bladder Pain Syndrome. In a collaborative diagnostic setting, we must weigh the detailed clinical reasoning provided by the majority against a contradictory summary that lacks supporting context in the discussion itself. The symptoms described align with IC/BPS, not cholecystitis.

Doctor 3: The consensus is clear. All participating physicians voted for
2026-03-28 05:08:34,855 [MainThread  ] [INFO ]  
Correct answer: Interstitial cystitis
2026-03-28 05:08:34,856 [MainThread  ] [INFO ]  Scene 26, The diagnosis was CORRECT (100.00%)
2026-03-28 05:08:34,856 [MainThread  ] [INFO ]  Dialogue history saved for scenario 26 at /root/MedAgentSim/output/scenario_26/dialogue_history.json.
2026-03-28 05:08:34,856 [MainThread  ] [INFO ]  Simulation completed.
2026-03-28 05:23:31,657 [MainThread  ] [INFO ]  Doctor [100%]: I must clarify a significant discrepancy in the final line of the provided text. While the discussion among all doctors consistently points toward a shoulder pathology—specifically ruling out cardiac causes (negative EKG/Echo) and cervical radiculopathy (no neurological deficits)—the summary suggesting "Cholecystitis" is clinically inconsistent with the symptoms described. Cholecystitis typically presents with right upper quadrant abdominal pain, often radiating to the right scapula, and is associated with biliary colic, not deep joint pain in the shoulder that wakes a patient at night. Given the consensus on deep, nocturnal joint pain, radiation to the neck/arm, and the specific mention of calcific deposits or rotator cuff issues, the correct diagnosis must be related to the shoulder.

I agree with Doctor 1. The entire clinical reasoning process in the discussion focused on the shoulder girdle. The key differentiators were the exclusion of cardiac ischemia and the
2026-03-28 05:24:02,532 [MainThread  ] [ERROR]  Error occurred during run_batch_jobs.
Traceback (most recent call last):
  File "/root/MedAgentSim/MedPromptSimulate/src/promptbase/mmlu/utils.py", line 93, in run_batch_jobs
    result = future.result()
  File "/root/miniconda3/envs/mgent/lib/python3.10/concurrent/futures/_base.py", line 451, in result
    return self.__get_result()
  File "/root/miniconda3/envs/mgent/lib/python3.10/concurrent/futures/_base.py", line 403, in __get_result
    raise self._exception
  File "/root/miniconda3/envs/mgent/lib/python3.10/concurrent/futures/thread.py", line 58, in run
    result = self.fn(*self.args, **self.kwargs)
  File "/root/MedAgentSim/MedPromptSimulate/src/promptbase/mmlu/experiment.py", line 604, in solve
    reflect_phase(options, problem, output, backend)
  File "/root/MedAgentSim/MedPromptSimulate/src/promptbase/mmlu/experiment.py", line 633, in reflect_phase
    Correct Reasoning: {correct_reasoning[problem['correct_answer']]}
KeyError: None
2026-03-28 05:24:13,441 [MainThread  ] [ERROR]  Error occurred during run_batch_jobs.
Traceback (most recent call last):
  File "/root/MedAgentSim/MedPromptSimulate/src/promptbase/mmlu/utils.py", line 93, in run_batch_jobs
    result = future.result()
  File "/root/miniconda3/envs/mgent/lib/python3.10/concurrent/futures/_base.py", line 451, in result
    return self.__get_result()
  File "/root/miniconda3/envs/mgent/lib/python3.10/concurrent/futures/_base.py", line 403, in __get_result
    raise self._exception
  File "/root/miniconda3/envs/mgent/lib/python3.10/concurrent/futures/thread.py", line 58, in run
    result = self.fn(*self.args, **self.kwargs)
  File "/root/MedAgentSim/MedPromptSimulate/src/promptbase/mmlu/experiment.py", line 604, in solve
    reflect_phase(options, problem, output, backend)
  File "/root/MedAgentSim/MedPromptSimulate/src/promptbase/mmlu/experiment.py", line 633, in reflect_phase
    Correct Reasoning: {correct_reasoning[problem['correct_answer']]}
KeyError: None
2026-03-28 05:24:18,638 [MainThread  ] [ERROR]  Error occurred during run_batch_jobs.
Traceback (most recent call last):
  File "/root/MedAgentSim/MedPromptSimulate/src/promptbase/mmlu/utils.py", line 93, in run_batch_jobs
    result = future.result()
  File "/root/miniconda3/envs/mgent/lib/python3.10/concurrent/futures/_base.py", line 451, in result
    return self.__get_result()
  File "/root/miniconda3/envs/mgent/lib/python3.10/concurrent/futures/_base.py", line 403, in __get_result
    raise self._exception
  File "/root/miniconda3/envs/mgent/lib/python3.10/concurrent/futures/thread.py", line 58, in run
    result = self.fn(*self.args, **self.kwargs)
  File "/root/MedAgentSim/MedPromptSimulate/src/promptbase/mmlu/experiment.py", line 604, in solve
    reflect_phase(options, problem, output, backend)
  File "/root/MedAgentSim/MedPromptSimulate/src/promptbase/mmlu/experiment.py", line 633, in reflect_phase
    Correct Reasoning: {correct_reasoning[problem['correct_answer']]}
KeyError: None
2026-03-28 05:24:23,844 [MainThread  ] [ERROR]  Error occurred during run_batch_jobs.
Traceback (most recent call last):
  File "/root/MedAgentSim/MedPromptSimulate/src/promptbase/mmlu/utils.py", line 93, in run_batch_jobs
    result = future.result()
  File "/root/miniconda3/envs/mgent/lib/python3.10/concurrent/futures/_base.py", line 451, in result
    return self.__get_result()
  File "/root/miniconda3/envs/mgent/lib/python3.10/concurrent/futures/_base.py", line 403, in __get_result
    raise self._exception
  File "/root/miniconda3/envs/mgent/lib/python3.10/concurrent/futures/thread.py", line 58, in run
    result = self.fn(*self.args, **self.kwargs)
  File "/root/MedAgentSim/MedPromptSimulate/src/promptbase/mmlu/experiment.py", line 604, in solve
    reflect_phase(options, problem, output, backend)
  File "/root/MedAgentSim/MedPromptSimulate/src/promptbase/mmlu/experiment.py", line 633, in reflect_phase
    Correct Reasoning: {correct_reasoning[problem['correct_answer']]}
KeyError: None
2026-03-28 05:24:29,366 [MainThread  ] [ERROR]  Error occurred during run_batch_jobs.
Traceback (most recent call last):
  File "/root/MedAgentSim/MedPromptSimulate/src/promptbase/mmlu/utils.py", line 93, in run_batch_jobs
    result = future.result()
  File "/root/miniconda3/envs/mgent/lib/python3.10/concurrent/futures/_base.py", line 451, in result
    return self.__get_result()
  File "/root/miniconda3/envs/mgent/lib/python3.10/concurrent/futures/_base.py", line 403, in __get_result
    raise self._exception
  File "/root/miniconda3/envs/mgent/lib/python3.10/concurrent/futures/thread.py", line 58, in run
    result = self.fn(*self.args, **self.kwargs)
  File "/root/MedAgentSim/MedPromptSimulate/src/promptbase/mmlu/experiment.py", line 604, in solve
    reflect_phase(options, problem, output, backend)
  File "/root/MedAgentSim/MedPromptSimulate/src/promptbase/mmlu/experiment.py", line 633, in reflect_phase
    Correct Reasoning: {correct_reasoning[problem['correct_answer']]}
KeyError: None
2026-03-28 05:24:34,225 [MainThread  ] [ERROR]  Error occurred during run_batch_jobs.
Traceback (most recent call last):
  File "/root/MedAgentSim/MedPromptSimulate/src/promptbase/mmlu/utils.py", line 93, in run_batch_jobs
    result = future.result()
  File "/root/miniconda3/envs/mgent/lib/python3.10/concurrent/futures/_base.py", line 451, in result
    return self.__get_result()
  File "/root/miniconda3/envs/mgent/lib/python3.10/concurrent/futures/_base.py", line 403, in __get_result
    raise self._exception
  File "/root/miniconda3/envs/mgent/lib/python3.10/concurrent/futures/thread.py", line 58, in run
    result = self.fn(*self.args, **self.kwargs)
  File "/root/MedAgentSim/MedPromptSimulate/src/promptbase/mmlu/experiment.py", line 604, in solve
    reflect_phase(options, problem, output, backend)
  File "/root/MedAgentSim/MedPromptSimulate/src/promptbase/mmlu/experiment.py", line 633, in reflect_phase
    Correct Reasoning: {correct_reasoning[problem['correct_answer']]}
KeyError: None
2026-03-28 05:24:52,028 [MainThread  ] [ERROR]  Error occurred during run_batch_jobs.
Traceback (most recent call last):
  File "/root/MedAgentSim/MedPromptSimulate/src/promptbase/mmlu/utils.py", line 93, in run_batch_jobs
    result = future.result()
  File "/root/miniconda3/envs/mgent/lib/python3.10/concurrent/futures/_base.py", line 451, in result
    return self.__get_result()
  File "/root/miniconda3/envs/mgent/lib/python3.10/concurrent/futures/_base.py", line 403, in __get_result
    raise self._exception
  File "/root/miniconda3/envs/mgent/lib/python3.10/concurrent/futures/thread.py", line 58, in run
    result = self.fn(*self.args, **self.kwargs)
  File "/root/MedAgentSim/MedPromptSimulate/src/promptbase/mmlu/experiment.py", line 604, in solve
    reflect_phase(options, problem, output, backend)
  File "/root/MedAgentSim/MedPromptSimulate/src/promptbase/mmlu/experiment.py", line 633, in reflect_phase
    Correct Reasoning: {correct_reasoning[problem['correct_answer']]}
KeyError: None
2026-03-28 05:24:58,113 [MainThread  ] [ERROR]  Error occurred during run_batch_jobs.
Traceback (most recent call last):
  File "/root/MedAgentSim/MedPromptSimulate/src/promptbase/mmlu/utils.py", line 93, in run_batch_jobs
    result = future.result()
  File "/root/miniconda3/envs/mgent/lib/python3.10/concurrent/futures/_base.py", line 451, in result
    return self.__get_result()
  File "/root/miniconda3/envs/mgent/lib/python3.10/concurrent/futures/_base.py", line 403, in __get_result
    raise self._exception
  File "/root/miniconda3/envs/mgent/lib/python3.10/concurrent/futures/thread.py", line 58, in run
    result = self.fn(*self.args, **self.kwargs)
  File "/root/MedAgentSim/MedPromptSimulate/src/promptbase/mmlu/experiment.py", line 604, in solve
    reflect_phase(options, problem, output, backend)
  File "/root/MedAgentSim/MedPromptSimulate/src/promptbase/mmlu/experiment.py", line 633, in reflect_phase
    Correct Reasoning: {correct_reasoning[problem['correct_answer']]}
KeyError: None
2026-03-28 05:25:04,143 [MainThread  ] [ERROR]  Error occurred during run_batch_jobs.
Traceback (most recent call last):
  File "/root/MedAgentSim/MedPromptSimulate/src/promptbase/mmlu/utils.py", line 93, in run_batch_jobs
    result = future.result()
  File "/root/miniconda3/envs/mgent/lib/python3.10/concurrent/futures/_base.py", line 451, in result
    return self.__get_result()
  File "/root/miniconda3/envs/mgent/lib/python3.10/concurrent/futures/_base.py", line 403, in __get_result
    raise self._exception
  File "/root/miniconda3/envs/mgent/lib/python3.10/concurrent/futures/thread.py", line 58, in run
    result = self.fn(*self.args, **self.kwargs)
  File "/root/MedAgentSim/MedPromptSimulate/src/promptbase/mmlu/experiment.py", line 604, in solve
    reflect_phase(options, problem, output, backend)
  File "/root/MedAgentSim/MedPromptSimulate/src/promptbase/mmlu/experiment.py", line 633, in reflect_phase
    Correct Reasoning: {correct_reasoning[problem['correct_answer']]}
KeyError: None
2026-03-28 05:25:09,895 [MainThread  ] [INFO ]  Doctor [forced-final]: Doctor 1: The clinical presentation of chronic, deep, nocturnal shoulder pain radiating to the arm, with cardiac and neurological causes ruled out, is highly characteristic of Calcific Tendinitis. The specific complaint of pain severe enough to wake the patient from sleep, combined with the absence of mechanical symptoms or weakness, aligns perfectly with the resorptive phase of calcium deposition in the supraspinatus tendon.

Doctor 2: I concur with Doctor 1. The exclusion of cardiac pathology and the nature of the pain (nocturnal, deep, aching) strongly support an intra-articular or peri-articular etiology rather than a referred pain from the abdomen. The consensus among us so far points directly to the rotator cuff tendons.

Doctor 3: The diagnosis of "Cholecystitis" mentioned in the summary analysis appears to be a significant error or a hallucination in the provided text. Cholecystitis typically presents with right upper quadrant abdominal
2026-03-28 05:25:09,895 [MainThread  ] [INFO ]  Doctor [wrapped-final]: DIAGNOSIS READY: Doctor 1: The clinical presentation of chronic, deep, nocturnal shoulder pain radiating to the arm, with cardiac and neurological causes ruled out, is highly characteristic of Calcific Tendinitis. The specific complaint of pain severe enough to wake the patient from sleep, combined with the absence of mechanical symptoms or weakness, aligns perfectly with the resorptive phase of calcium deposition in the supraspinatus tendon.

Doctor 2: I concur with Doctor 1. The exclusion of cardiac pathology and the nature of the pain (nocturnal, deep, aching) strongly support an intra-articular or peri-articular etiology rather than a referred pain from the abdomen. The consensus among us so far points directly to the rotator cuff tendons.

Doctor 3: The diagnosis of "Cholecystitis" mentioned in the summary analysis appears to be a significant error or a hallucination in the provided text. Cholecystitis typically presents with right upper quadrant abdominal
2026-03-28 05:25:12,813 [MainThread  ] [INFO ]  
Correct answer: Adhesive capsulitis
2026-03-28 05:25:12,813 [MainThread  ] [INFO ]  Scene 27, The diagnosis was INCORRECT (0.00%)
2026-03-28 05:25:12,813 [MainThread  ] [INFO ]  Dialogue history saved for scenario 27 at /root/MedAgentSim/output/scenario_27/dialogue_history.json.
2026-03-28 05:25:12,814 [MainThread  ] [INFO ]  Simulation completed.
2026-03-28 06:35:32,861 [MainThread  ] [INFO ]  Doctor [100%]: I must strongly object to the conclusion of "Cholecystitis" suggested in the final line of the transcript. Cholecystitis typically presents with acute right upper quadrant pain, fever, and leukocytosis, often following a fatty meal. Our patient's reported history consists solely of non-specific constitutional symptoms: fatigue, malaise, and unintentional weight loss. While malignancy can cause these symptoms, cholecystitis is an acute inflammatory process of the gallbladder that does not fit this vague, chronic constitutional presentation without the hallmark abdominal pain. Furthermore, as we all noted, the case lacks the specific data required to distinguish between any pathology. However, if forced to categorize the clinical picture of "fatigue, malaise, and unintentional weight loss" without further data, the most concerning differential involves a systemic malignancy (such as Lymphoma) or a chronic infection (like Tuberculosis), not an acute biliary pathology. The suggestion of Ch
2026-03-28 06:38:14,347 [MainThread  ] [INFO ]  Doctor [forced-final]: Doctor 1: The consensus among the team is overwhelming. The clinical presentation of fatigue, malaise, and unintentional weight loss without accompanying acute right upper quadrant pain or specific B-symptoms data makes a diagnosis of Cholecystitis clinically invalid. As noted, Cholecystitis is an acute inflammatory condition characterized by localized pain, not isolated constitutional symptoms. The "suggestion" of Cholecystitis found in the prompt's final line contradicts the fundamental medical principles discussed by the entire group.

Doctor 2: I agree completely. We have established that the lack of duration, specific weight loss quantification, and fever/night sweats data prevents us from narrowing the differential to any specific malignancy or infection. More importantly, we have all agreed that the data is insufficient to support a definitive diagnosis. To select "Cholecystitis" would be a diagnostic error based on a contradiction of the patient's reported symptoms. The only medically responsible conclusion is to acknowledge the data gap
2026-03-28 06:38:14,348 [MainThread  ] [INFO ]  Doctor [wrapped-final]: DIAGNOSIS READY: Doctor 1: The consensus among the team is overwhelming. The clinical presentation of fatigue, malaise, and unintentional weight loss without accompanying acute right upper quadrant pain or specific B-symptoms data makes a diagnosis of Cholecystitis clinically invalid. As noted, Cholecystitis is an acute inflammatory condition characterized by localized pain, not isolated constitutional symptoms. The "suggestion" of Cholecystitis found in the prompt's final line contradicts the fundamental medical principles discussed by the entire group.

Doctor 2: I agree completely. We have established that the lack of duration, specific weight loss quantification, and fever/night sweats data prevents us from narrowing the differential to any specific malignancy or infection. More importantly, we have all agreed that the data is insufficient to support a definitive diagnosis. To select "Cholecystitis" would be a diagnostic error based on a contradiction of the patient's reported symptoms. The only medically responsible conclusion is to acknowledge the data gap
2026-03-28 06:38:17,251 [MainThread  ] [INFO ]  
Correct answer: Chronic lymphocytic leukemia
2026-03-28 06:38:17,252 [MainThread  ] [INFO ]  Scene 31, The diagnosis was INCORRECT (0.00%)
2026-03-28 06:38:17,252 [MainThread  ] [INFO ]  Dialogue history saved for scenario 31 at /root/MedAgentSim/output/scenario_31/dialogue_history.json.
2026-03-28 06:38:17,252 [MainThread  ] [INFO ]  Simulation completed.
